序号,机构名称,地址,邮政编码,区县代码,区县名称,医院等级,医院等次,大类,中类,小类,经济类型名称,机构管理名称
1,北京安德中医医院,北京市东城区安德路甲10号4楼101－2,100011,110101,东城区,一级,合格,A.医院,A2.中医医院,A210.中医（综合）医院,其它内资,营利性医疗机构
2,北京安定门中医医院,北京市东城区安外大街安德路11号一层、二层、地下一层,100011,110101,东城区,一级,合格,A.医院,A2.中医医院,A210.中医（综合）医院,股份有限（公司）,营利性医疗机构
3,北京拜尔昊城口腔医院,北京市东城区祈年大街18号院4号楼,100062,110101,东城区,二级,未评,A.医院,A5.专科医院,A511.口腔医院,其他,营利性医疗机构
4,北京成林医院,北京市东城区净土胡同15号,100011,110101,东城区,一级,合格,A.医院,A5.专科医院,A526.骨科医院,股份合作,营利性医疗机构
5,北京崇文光明医院,北京市东城区光明路甲1号,100061,110101,东城区,一级,甲等,A.医院,A1.综合医院,A100.综合医院,其它内资,非营利性医疗机构
6,北京崇文中方中医医院,北京市东城区定安里27号,100075,110101,东城区,一级,合格,A.医院,A2.中医医院,A210.中医（综合）医院,国有全资,非营利性医疗机构
7,北京当代医院,北京市东城区东四北大街337号,100010,110101,东城区,一级,合格,A.医院,A1.综合医院,A100.综合医院,股份合作,营利性医疗机构
8,北京东城东华医院,北京市崇文区体育馆西路6号,100061,110101,东城区,一级,合格,A.医院,A1.综合医院,A100.综合医院,集体全资,非营利性医疗机构
9,北京固生堂中医医院,北京市东城区广渠门内大街45号雍贵中心一层、二层,100062,110101,东城区,一级,合格,A.医院,A2.中医医院,A210.中医（综合）医院,私有,营利性医疗机构
10,北京国龙中医医院,北京市东城区珠市口东大街155号,100062,110101,东城区,一级,未评,A.医院,A2.中医医院,A210.中医（综合）医院,集体全资,非营利性医疗机构
11,北京航星机器制造有限公司北京东城航星医院,北京市东城区和平里东街11号,100013,110101,东城区,一级,合格,A.医院,A1.综合医院,A100.综合医院,国有全资,非营利性医疗机构
12,北京华都中医医院,北京市东城区安化北里丙1号,100062,110101,东城区,一级,合格,A.医院,A2.中医医院,A210.中医（综合）医院,集体全资,非营利性医疗机构
13,北京华尔医院,北京市东城区西总布胡同59号1-5层和61号1-5层,100005,110101,东城区,一级,未评,A.医院,A1.综合医院,A100.综合医院,其他,营利性医疗机构
14,北京惠民中医儿童医院,北京市东城区珠市口东大街4号1—B2、2—B1单元,100062,110101,东城区,一级,未评,A.医院,A2.中医医院,A229.其它中医专科医院,其他,营利性医疗机构
15,北京济仁中医骨病医院,北京市东城区东直门外察慈小区7号楼,100027,110101,东城区,一级,合格,A.医院,A2.中医医院,A222.骨伤医院,股份合作,营利性医疗机构
16,北京佳美医院管理有限责任公司佳美经典口腔医院,北京市东城区东长安街1号C3座E-(F1-F3)层,100005,110101,东城区,一级,合格,A.医院,A5.专科医院,A511.口腔医院,股份有限（公司）,营利性医疗机构
17,北京健安利康医院,北京市崇文区永内东街东里12号楼,100050,110101,东城区,一级,未评,A.医院,A1.综合医院,A100.综合医院,集体全资,非营利性医疗机构
18,北京健行中医医院,北京市东城区东四北大街248号,100007,110101,东城区,一级,未评,A.医院,A2.中医医院,A210.中医（综合）医院,股份合作,营利性医疗机构
19,北京交道口中医院,北京市东城区鼓楼东大街113号,100009,110101,东城区,一级,合格,A.医院,A2.中医医院,A210.中医（综合）医院,私有,营利性医疗机构
20,北京金典糖尿病医院,北京市东城区和平里滨河路1号,100013,110101,东城区,一级,合格,A.医院,A5.专科医院,A539.其他专科医院,股份合作,营利性医疗机构
21,北京晶珠中医医院,北京市东城区精忠街5号,100050,110101,东城区,一级,未评,A.医院,A2.中医医院,A210.中医（综合）医院,其它内资,非营利性医疗机构
22,北京京坛医院,北京市崇文区安乐林路10号,100075,110101,东城区,一级,合格,A.医院,A1.综合医院,A100.综合医院,股份合作,营利性医疗机构
23,北京京一中医医院,北京市东城区和平里中街甲25号,100013,110101,东城区,一级,合格,A.医院,A2.中医医院,A210.中医（综合）医院,私有,营利性医疗机构
24,北京两广中医医院,北京市东城区兴隆都市馨园14号楼首层、负一层、负二层,100062,110101,东城区,一级,未评,A.医院,A2.中医医院,A210.中医（综合）医院,股份合作,营利性医疗机构
25,北京美年中医医院,北京市东城区东四前炒面胡同33号瀚海科技大厦B座,100010,110101,东城区,一级,合格,A.医院,A2.中医医院,A210.中医（综合）医院,私有,营利性医疗机构
26,北京彭胜医院,北京市东城区天坛东路66号15号楼西侧楼1-5层,100061,110101,东城区,一级,未评,A.医院,A1.综合医院,A100.综合医院,其他,营利性医疗机构
27,北京普康中医医院,北京市东城区安外黄寺大街2号院,100011,110101,东城区,一级,合格,A.医院,A2.中医医院,A210.中医（综合）医院,股份有限（公司）,营利性医疗机构
28,北京施恩中医医院,北京市东城区永定门内东街中里3号,100050,110101,东城区,一级,未评,A.医院,A2.中医医院,A210.中医（综合）医院,私有,营利性医疗机构
29,北京市崇文口腔医院,北京市崇文区东花市北里西区24号楼,100062,110101,东城区,一级,甲等,A.医院,A5.专科医院,A511.口腔医院,集体全资,非营利性医疗机构
30,北京市崇文区中医医院,北京市崇文区西兴隆街1号  北京市崇文区西园子三巷24号,100061,110101,东城区,二级,未评,A.医院,A2.中医医院,A210.中医（综合）医院,国有全资,非营利性医疗机构
31,北京市第六医院,北京市东城区交道口北二条31.36号、东城区东直门内大街184号,100007,110101,东城区,二级,甲等,A.医院,A1.综合医院,A100.综合医院,国有全资,非营利性医疗机构
32,北京市东城区北新桥社区服务中心,北京市东城区东直门内大街184号,100007,110101,东城区,一级,合格,A.医院,A1.综合医院,A100.综合医院,集体全资,非营利性医疗机构
33,北京市东城区朝阳门医院,北京市东城区东四南大街灯草胡同31号,100010,110101,东城区,一级,甲等,A.医院,A1.综合医院,A100.综合医院,集体全资,非营利性医疗机构
34,北京市东城区第一人民医院,北京市崇文区永外大街130号,100075,110101,东城区,二级,合格,A.医院,A1.综合医院,A100.综合医院,国有全资,非营利性医疗机构
35,北京市东城区东外医院,北京市东城区东直门外察慈小区7号楼,100027,110101,东城区,一级,合格,A.医院,A1.综合医院,A100.综合医院,集体全资,非营利性医疗机构
36,北京市东城区建国门医院,北京市东城区朝内南小街后赵家楼胡同9号,100005,110101,东城区,一级,甲等,A.医院,A1.综合医院,A100.综合医院,国有全资,非营利性医疗机构
37,北京市东城区精神卫生保健院,北京市东城区东直门外察慈小区7号楼,100027,110101,东城区,二级,合格,A.医院,A5.专科医院,A520.精神病医院,国有全资,非营利性医疗机构
38,北京市东城区口腔医院,北京市东城区交道口东大街4－28号、东四北大街490号、雍和宫大街53号,100007,110101,东城区,一级,甲等,A.医院,A5.专科医院,A511.口腔医院,国有全资,非营利性医疗机构
39,北京市东城区老年康复护理院,北京市东城区东四六条甲62号,100007,110101,东城区,一级,合格,A.医院,A7.护理院(站),A710.护理院,国有全资,非营利性医疗机构
40,北京市东四中医医院,北京市东城区东四六条甲62号、北京市东城区朝内大街97号,100007,110101,东城区,一级,合格,A.医院,A2.中医医院,A210.中医（综合）医院,集体全资,非营利性医疗机构
41,北京市鼓楼中医医院,北京市东城区豆腐池胡同13号、北京市东城区和平里中街14－2号,100009,110101,东城区,二级,甲等,A.医院,A2.中医医院,A210.中医（综合）医院,国有全资,非营利性医疗机构
42,北京市和平里医院,北京市东城区和平里北街18号、东城区小黄庄路9号院15号楼一层102号、东城区和平里西街19号楼一层12307号,100013,110101,东城区,三级,甲等,A.医院,A3.中西医结合医院,A300.中西医结合医院,国有全资,非营利性医疗机构
43,北京市惠民医药卫生事业发展基金会北京炎黄中医医院,北京市东城区天坛路55号元隆大厦五层,100062,110101,东城区,一级,合格,A.医院,A2.中医医院,A210.中医（综合）医院,集体全资,非营利性医疗机构
44,北京市隆福医院（北京市东城区老年病医院）,北京市东城区美术馆东街18号、北京市东城区沙滩后街14号、北京市东城区三眼井胡同乙68号,100010,110101,东城区,二级,甲等,A.医院,A1.综合医院,A100.综合医院,国有全资,非营利性医疗机构
45,北京市普仁医院,北京市东城区崇文门外大街100号,100062,110101,东城区,二级,甲等,A.医院,A1.综合医院,A100.综合医院,国有全资,非营利性医疗机构
46,北京天坛普华医院,北京天坛南里12号,100050,110101,东城区,未评,未评,A.医院,A5.专科医院,A539.其他专科医院,中外合资,营利性医疗机构
47,北京同济医院,北京市东城区北京站东街11号,100005,110101,东城区,一级,合格,A.医院,A1.综合医院,A100.综合医院,股份有限（公司）,营利性医疗机构
48,北京同力医院,北京市东城区南剪子巷17号,100007,110101,东城区,一级,合格,A.医院,A1.综合医院,A100.综合医院,私有,营利性医疗机构
49,北京同仁堂王府井中医医院,北京市东城区东安门大街23号、北京市东城区东安门大街甲37号,100006,110101,东城区,一级,合格,A.医院,A2.中医医院,A210.中医（综合）医院,股份有限（公司）,营利性医疗机构
50,北京同仁堂中医医院,北京市东城区西打磨厂街46号,100051,110101,东城区,二级,合格,A.医院,A2.中医医院,A210.中医（综合）医院,其他,营利性医疗机构
51,北京万国中医医院,北京市东城区香河园路甲3号1号楼,100028,110101,东城区,一级,合格,A.医院,A2.中医医院,A210.中医（综合）医院,股份有限（公司）,营利性医疗机构
52,北京王府井医院,北京市东城区柏树胡同23号,100006,110101,东城区,一级,合格,A.医院,A1.综合医院,A100.综合医院,股份合作,营利性医疗机构
53,北京幸福医疗美容医院,北京市东城区珠市口东大街14号东配楼C座2-3层,100050,110101,东城区,未评,未评,A.医院,A5.专科医院,A529.美容医院,股份有限（公司）,营利性医疗机构
54,北京中研医院管理中心东城中医医院,北京市东城区兴化路11号,100013,110101,东城区,一级,合格,A.医院,A2.中医医院,A210.中医（综合）医院,股份合作,营利性医疗机构
55,北京中医药大学东直门医院,北京市东城区海运仓5号,100700,110101,东城区,三级,甲等,A.医院,A2.中医医院,A210.中医（综合）医院,国有全资,非营利性医疗机构
56,国家体育总局运动医学研究所体育医院,北京市崇文区体育馆路4号西门,100061,110101,东城区,一级,合格,A.医院,A5.专科医院,A539.其他专科医院,国有全资,非营利性医疗机构
57,首都医科大学附属北京妇产医院,北京市朝阳区姚家园路251号,100026,110101,东城区,三级,甲等,A.医院,A5.专科医院,A518.妇产（科）医院,国有全资,非营利性医疗机构
58,首都医科大学附属北京口腔医院,北京市崇文区天坛西里4号,100050,110101,东城区,三级,甲等,A.医院,A5.专科医院,A511.口腔医院,国有全资,非营利性医疗机构
59,首都医科大学附属北京天坛医院,北京市东城区天坛西里6号,100050,110101,东城区,三级,甲等,A.医院,A1.综合医院,A100.综合医院,国有全资,非营利性医疗机构
60,首都医科大学附属北京同仁医院,北京市东城区东交民巷1号,100730,110101,东城区,三级,甲等,A.医院,A1.综合医院,A100.综合医院,国有全资,非营利性医疗机构
61,首都医科大学附属北京中医医院,北京市东城区美术馆后街23号,100010,110101,东城区,三级,甲等,A.医院,A2.中医医院,A210.中医（综合）医院,国有全资,非营利性医疗机构
62,卫生部北京医院,北京市东城区东单大华路1号,100730,110101,东城区,三级,甲等,A.医院,A1.综合医院,A100.综合医院,国有全资,非营利性医疗机构
63,中国民族卫生协会北京崇文英平风湿病医院,北京市东城区夕照寺街绿景馨园12-1号,100061,110101,东城区,一级,合格,A.医院,A1.综合医院,A100.综合医院,集体全资,非营利性医疗机构
64,中国医学科学院北京协和医院,北京市东城区帅府园1号,100730,110101,东城区,三级,甲等,A.医院,A1.综合医院,A100.综合医院,国有全资,非营利性医疗机构
65,中国中医科学院针灸医院,北京市东城区北新仓18号,100700,110101,东城区,一级,合格,A.医院,A2.中医医院,A223.针灸医院,国有全资,非营利性医疗机构
66,北京按摩医院,西城区宝产胡同7号,100035,110102,西城区,二级,甲等,A.医院,A2.中医医院,A224.按摩医院,国有全资,非营利性医疗机构
67,北京北广电子集团有限责任公司职工医院,西城区的外黄寺大街23-4号,100120,110102,西城区,一级,合格,A.医院,A1.综合医院,A100.综合医院,国有全资,非营利性医疗机构
68,北京北海医院,北京市西城区地安门外大街158号,100009,110102,西城区,一级,未评,A.医院,A1.综合医院,A100.综合医院,股份合作,营利性医疗机构
69,北京长安中西医结合医院,西城区枣林前街19号,,110102,西城区,二级,未评,A.医院,A3.中西医结合医院,A300.中西医结合医院,私有,营利性医疗机构
70,北京大学第一医院,西城区西什库大街8号,100034,110102,西城区,三级,甲等,A.医院,A1.综合医院,A100.综合医院,国有全资,非营利性医疗机构
71,北京大学人民医院,西城区西直门南大街11号,100044,110102,西城区,三级,甲等,A.医院,A1.综合医院,A100.综合医院,国有全资,非营利性医疗机构
72,北京德胜门中医院,北京市西城区德胜门外大街200号;北京市西城区礼拜寺街25号,100120,110102,西城区,一级,合格,A.医院,A2.中医医院,A210.中医（综合）医院,股份合作,营利性医疗机构
73,北京核工业医院,北京西城区三里河南四巷,100045,110102,西城区,一级,甲等,A.医院,A1.综合医院,A100.综合医院,国有全资,非营利性医疗机构
74,北京鹤年堂中医医院,北京市西城区广安门内大街6号1—2,100053,110102,西城区,一级,未评,A.医院,A2.中医医院,A210.中医（综合）医院,股份合作,营利性医疗机构
75,北京华科中西医结合医院,西城区红莲南路71号,100055,110102,西城区,一级,未评,A.医院,A3.中西医结合医院,A300.中西医结合医院,其他,营利性医疗机构
76,北京积水潭医院,北京市西城区新街口东街31号,100035,110102,西城区,三级,甲等,A.医院,A1.综合医院,A100.综合医院,国有全资,非营利性医疗机构
77,北京家圆医院,北京市西城区富国街2号,100034,110102,西城区,一级,未评,A.医院,A1.综合医院,A100.综合医院,股份合作,营利性医疗机构
78,北京金华骨专科医院,北京市西城区阜成门外大街甲41号楼-2,100037,110102,西城区,一级,合格,A.医院,A5.专科医院,A526.骨科医院,股份合作,营利性医疗机构
79,北京军都医院,北京市西城区黄寺大街25号,100011,110102,西城区,一级,未评,A.医院,A1.综合医院,A100.综合医院,股份合作,营利性医疗机构
80,北京军颐中医医院,北京市西城区南菜园街甲2号,100054,110102,西城区,一级,未评,A.医院,A2.中医医院,A210.中医（综合）医院,股份合作,营利性医疗机构
81,北京前海股骨头医院,北京市西城区地安门西大街丙２８号,100009,110102,西城区,一级,合格,A.医院,A5.专科医院,A526.骨科医院,股份合作,营利性医疗机构
82,北京仁济生生医院,北京市西城区广安门外大街377号,100055,110102,西城区,一级,未评,A.医院,A1.综合医院,A100.综合医院,股份合作,营利性医疗机构
83,北京瑞安康复医院,西城区鸭子桥路35号4号楼1-6层,,110102,西城区,二级,未评,A.医院,A5.专科医院,A527.康复医院,私有,营利性医疗机构
84,北京圣康华医学研究院有限公司北京圣康华眼科医院,北京市西城区新康街甲1号院4号楼,100088,110102,西城区,一级,未评,A.医院,A5.专科医院,A512.眼科医院,私有,营利性医疗机构
85,北京市第二医院,北京市西城区宣内大街油坊胡同36号,100031,110102,西城区,二级,甲等,A.医院,A1.综合医院,A100.综合医院,国有全资,非营利性医疗机构
86,北京市二龙路医院,西城区德外大街16号、西城区下岗胡同1号,100120,110102,西城区,三级,甲等,A.医院,A3.中西医结合医院,A300.中西医结合医院,集体全资,非营利性医疗机构
87,北京市丰盛中医骨伤专科医院,北京市西城区阜内大街306号,100034,110102,西城区,二级,甲等,A.医院,A2.中医医院,A222.骨伤医院,集体全资,非营利性医疗机构
88,北京市回民医院,西城区右安门内大街11号,100054,110102,西城区,三级,甲等,A.医院,A3.中西医结合医院,A300.中西医结合医院,国有全资,非营利性医疗机构
89,北京市监狱管理局清河分局医院,京山线茶淀站清河农场五科西街清河医院,300481,110102,西城区,二级,乙等,A.医院,A1.综合医院,A100.综合医院,国有全资,非营利性医疗机构
90,北京市监狱管理局中心医院,北京市西城区右安门东街 9号,100054,110102,西城区,二级,甲等,A.医院,A1.综合医院,A100.综合医院,国有全资,非营利性医疗机构
91,北京市健宫医院,西城区儒福里6号,100054,110102,西城区,二级,甲等,A.医院,A1.综合医院,A100.综合医院,联营,营利性医疗机构
92,北京市西城区白云路医院,北京市西城区广外小马厂西里1号,100055,110102,西城区,一级,合格,A.医院,A1.综合医院,A100.综合医院,股份有限（公司）,非营利性医疗机构
93,北京市西城区广外医院,宣武区广外三义里甲2号,100055,110102,西城区,二级,合格,A.医院,A1.综合医院,A100.综合医院,国有全资,非营利性医疗机构
94,北京市西城区康迈骨伤医院,西城区长椿街12号,100053,110102,西城区,一级,合格,A.医院,A2.中医医院,A222.骨伤医院,私有,非营利性医疗机构
95,北京市西城区平安医院,西城区赵登禹路169号,100035,110102,西城区,二级,甲等,A.医院,A5.专科医院,A520.精神病医院,国有全资,非营利性医疗机构
96,北京市西城区展览路医院,西直门外桃柳园西巷16号,100044,110102,西城区,二级,合格,A.医院,A1.综合医院,A100.综合医院,集体全资,非营利性医疗机构
97,北京市西城区证仁医院,北京市西城区右安门西街临4号,100052,110102,西城区,一级,合格,A.医院,A1.综合医院,A100.综合医院,私有,非营利性医疗机构
98,北京市宣武区天桥医院,宣武区北纬路11号,100050,110102,西城区,一级,甲等,A.医院,A1.综合医院,A100.综合医院,集体全资,非营利性医疗机构
99,北京市宣武中医医院,西城区万明路13号,100050,110102,西城区,三级,乙等,A.医院,A2.中医医院,A210.中医（综合）医院,国有全资,非营利性医疗机构
100,北京曙光医院,北京市西城区西绒线胡同甲64号,100031,110102,西城区,一级,合格,A.医院,A5.专科医院,A539.其他专科医院,股份合作,营利性医疗机构
101,北京万博医院管理有限公司康桥医院,北京市宣武区半步桥街甲13号,100054,110102,西城区,一级,未评,A.医院,A1.综合医院,A100.综合医院,股份合作,营利性医疗机构
102,北京新世纪儿童医院,北京西城区南礼士路56号,100045,110102,西城区,未评,未评,A.医院,A5.专科医院,A519.儿童医院,其它内资,营利性医疗机构
103,北京宣武流动医院,北京市宣武区广外大街甲2号,100055,110102,西城区,未评,未评,A.医院,A1.综合医院,A100.综合医院,其它内资,营利性医疗机构
104,北京印钞有限公司医院,北京西城区白广路26号,100053,110102,西城区,一级,未评,A.医院,A1.综合医院,A100.综合医院,国有全资,非营利性医疗机构
105,北京中医药大学附属护国寺中医医院,北京市西城区棉花胡同83号,100035,110102,西城区,三级,甲等,A.医院,A2.中医医院,A223.针灸医院,国有全资,非营利性医疗机构
106,首都医科大学附属北京安定医院,西城区德胜门外安康胡同5号,100088,110102,西城区,三级,甲等,A.医院,A5.专科医院,A520.精神病医院,国有全资,非营利性医疗机构
107,首都医科大学附属北京儿童医院,北京市西城区南礼士路56号,100045,110102,西城区,三级,甲等,A.医院,A5.专科医院,A519.儿童医院,国有全资,非营利性医疗机构
108,首都医科大学附属北京友谊医院,北京市西城区永安路95号,100050,110102,西城区,三级,甲等,A.医院,A1.综合医院,A100.综合医院,国有全资,非营利性医疗机构
109,首都医科大学附属复兴医院,复兴门外大街甲20号,100038,110102,西城区,三级,合格,A.医院,A1.综合医院,A100.综合医院,国有全资,非营利性医疗机构
110,首都医科大学宣武医院,西城区长椿街45号,100053,110102,西城区,三级,甲等,A.医院,A1.综合医院,A100.综合医院,国有全资,非营利性医疗机构
111,中国人民公安大学医院,木樨地南里1号公安大学医院,100038,110102,西城区,一级,合格,A.医院,A1.综合医院,A100.综合医院,国有全资,非营利性医疗机构
112,中国医学科学院阜外医院,北京市西城区北礼士路167号,100037,110102,西城区,三级,甲等,A.医院,A5.专科医院,A515.心血管病医院,国有全资,非营利性医疗机构
113,中国中医科学院广安门医院,北京市西城区北线阁5号,100053,110102,西城区,三级,甲等,A.医院,A2.中医医院,A210.中医（综合）医院,国有全资,非营利性医疗机构
114,北京爱尔英智眼科医院,北京市朝阳区潘家园南里12号潘家园大厦,100021,110105,朝阳区,一级,未评,A.医院,A5.专科医院,A512.眼科医院,其它内资,营利性医疗机构
115,北京安慧宜和妇儿医院,北京市朝阳区安慧北里逸园5号楼,100101,110105,朝阳区,二级,未评,A.医院,A5.专科医院,A518.妇产（科）医院,其它内资,营利性医疗机构
116,北京奥北中医医院,北京市朝阳区大屯路36号,100101,110105,朝阳区,一级,未评,A.医院,A2.中医医院,A210.中医（综合）医院,其它内资,营利性医疗机构
117,北京奥东中康医院,朝阳区安外北苑3号院,100012,110105,朝阳区,一级,未评,A.医院,A5.专科医院,A539.其他专科医院,私有,营利性医疗机构
118,北京北亚医院,北京市朝阳区安定门外安苑里1号院1号楼,100026,110105,朝阳区,一级,未评,A.医院,A1.综合医院,A100.综合医院,其它内资,营利性医疗机构
119,北京长虹医院,北京朝阳区东三环北路甲17号,100027,110105,朝阳区,一级,未评,A.医院,A1.综合医院,A100.综合医院,其它内资,营利性医疗机构
120,北京朝阳国医之家中医医院,北京市朝阳区酒仙桥路26号院1号楼1至2层A08、1层A09,100016,110105,朝阳区,一级,未评,A.医院,A2.中医医院,A210.中医（综合）医院,其它内资,非营利性医疗机构
121,北京朝阳急诊抢救中心,北京市朝阳区周庄嘉园东里27号,100122,110105,朝阳区,二级,未评,A.医院,A1.综合医院,A100.综合医院,其它内资,非营利性医疗机构
122,北京朝阳凌和望京医院,北京市朝阳区宏昌路望京西园一区120楼,100102,110105,朝阳区,一级,未评,A.医院,A1.综合医院,A100.综合医院,私有,非营利性医疗机构
123,北京朝阳罗有明中医骨伤科医院,北京市朝阳高碑店北路甲8号,100025,110105,朝阳区,一级,未评,A.医院,A2.中医医院,A210.中医（综合）医院,其它内资,非营利性医疗机构
124,北京朝阳区大黄庄医院,北京市朝阳区大黄庄南里16号楼,100024,110105,朝阳区,一级,未评,A.医院,A1.综合医院,A100.综合医院,国有全资,非营利性医疗机构
125,北京朝阳糖尿病医院,北京市朝阳区甜水园东街1号,100026,110105,朝阳区,一级,未评,A.医院,A5.专科医院,A539.其他专科医院,其它内资,营利性医疗机构
126,北京朝阳中西医结合急诊抢救中心,北京市朝阳区十八里店乡周家庄村123号,100025,110105,朝阳区,三级,未评,A.医院,A3.中西医结合医院,A300.中西医结合医院,国有全资,非营利性医疗机构
127,北京朝阳中西医结合医院,北京市朝阳区芍药居北里315楼26-32号,100029,110105,朝阳区,一级,未评,A.医院,A3.中西医结合医院,A300.中西医结合医院,国有全资,非营利性医疗机构
128,北京东大肛肠医院,北京市朝阳区东大桥路5号,100020,110105,朝阳区,一级,未评,A.医院,A5.专科医院,A539.其他专科医院,其它内资,营利性医疗机构
129,北京东方博大医院,北京市朝阳区华威西里55号,100021,110105,朝阳区,一级,未评,A.医院,A1.综合医院,A100.综合医院,股份合作,营利性医疗机构
130,北京东方美华医院投资管理有限公司东方美华妇儿医院,朝阳区安外小关北里边218号1号楼,100029,110105,朝阳区,一级,未评,A.医院,A5.专科医院,A518.妇产（科）医院,其它内资,营利性医疗机构
131,北京东区儿童医院,北京市朝阳区广渠路南侧44号(5-3),100021,110105,朝阳区,一级,未评,A.医院,A5.专科医院,A519.儿童医院,其它内资,营利性医疗机构
132,北京东区口腔医院,朝阳区广渠路33号石韵浩庭B座101、102,100022,110105,朝阳区,一级,未评,A.医院,A5.专科医院,A511.口腔医院,其它内资,非营利性医疗机构
133,北京东苑中医医院,北京朝阳区朝来绿色家园广华居18号、19号底商,100102,110105,朝阳区,二级,乙等,A.医院,A2.中医医院,A210.中医（综合）医院,其它内资,营利性医疗机构
134,北京二十一世纪医院,北京市朝阳区亮马桥路40号二十一世纪大厦,100125,110105,朝阳区,一级,未评,A.医院,A1.综合医院,A100.综合医院,其它内资,营利性医疗机构
135,北京方舟医院管理有限公司方舟中医医院,朝阳区广渠东路38号,100022,110105,朝阳区,一级,未评,A.医院,A2.中医医院,A210.中医（综合）医院,其它内资,营利性医疗机构
136,北京凤凰妇科医院,北京市朝阳区将台西路18号,100016,110105,朝阳区,二级,未评,A.医院,A5.专科医院,A539.其他专科医院,其它内资,营利性医疗机构
137,北京高新医院,朝阳区左安门外饮马井45号,100021,110105,朝阳区,一级,未评,A.医院,A1.综合医院,A100.综合医院,其它内资,营利性医疗机构
138,北京工业大学医院,朝阳区平乐园100号,100124,110105,朝阳区,一级,未评,A.医院,A1.综合医院,A100.综合医院,国有全资,非营利性医疗机构
139,北京光熙康复医院,北京市朝阳区光熙门北里22号北楼,100028,110105,朝阳区,二级,未评,A.医院,A5.专科医院,A527.康复医院,其它内资,营利性医疗机构
140,北京广慈中医药研究院广济中医医院,北京市朝阳区安华西里一区12号楼,100011,110105,朝阳区,一级,未评,A.医院,A2.中医医院,A210.中医（综合）医院,股份合作,营利性医疗机构
141,北京广仁中西医结合医院,北京市朝阳区农光里112号楼南综合楼,100021,110105,朝阳区,一级,未评,A.医院,A3.中西医结合医院,A300.中西医结合医院,股份合作,营利性医疗机构
142,北京贵美汇医院,北京朝阳区团结湖南里甲12号,100026,110105,朝阳区,一级,未评,A.医院,A1.综合医院,A100.综合医院,其它内资,营利性医疗机构
143,北京国奥心理医院,北京市朝阳区安外大街安定路1号国家奥林匹克体育中心院内,100029,110105,朝阳区,一级,未评,A.医院,A5.专科医院,A520.精神病医院,股份合作,营利性医疗机构
144,北京国门医院,北京市朝阳区北皋村1号,100015,110105,朝阳区,一级,未评,A.医院,A1.综合医院,A100.综合医院,其它内资,非营利性医疗机构
145,北京国宗济世中医医院,北京市朝阳区望京西园二区京电商综合楼2,100102,110105,朝阳区,一级,未评,A.医院,A2.中医医院,A210.中医（综合）医院,其它内资,营利性医疗机构
146,北京海文医院,北京市朝阳区华威北里甲10号,100021,110105,朝阳区,一级,未评,A.医院,A1.综合医院,A100.综合医院,私有,营利性医疗机构
147,北京汉典中医医院,北京市朝阳区石佛营东里133号院4号楼,100025,110105,朝阳区,一级,未评,A.医院,A2.中医医院,A210.中医（综合）医院,其它内资,营利性医疗机构
148,北京和美妇儿医院,北京市朝阳区安外小关北里甲2号,100021,110105,朝阳区,二级,未评,A.医院,A5.专科医院,A539.其他专科医院,其它内资,营利性医疗机构
149,北京和睦家康复医院,北京市朝阳区东风乡将台洼村甲168号,100016,110105,朝阳区,二级,未评,A.医院,A5.专科医院,A527.康复医院,中外合作,营利性医疗机构
150,北京和睦家医院,北京市朝阳区将台路2号,100016,110105,朝阳区,二级,未评,A.医院,A1.综合医院,A100.综合医院,中外合作,营利性医疗机构
151,北京和谐康复医院,朝阳区孙河乡顺黄路158号,100012,110105,朝阳区,一级,未评,A.医院,A5.专科医院,A527.康复医院,其它内资,营利性医疗机构
152,北京弘医堂中医医院,北京市朝阳区团结湖北路2号,100026,110105,朝阳区,一级,未评,A.医院,A2.中医医院,A210.中医（综合）医院,私有,营利性医疗机构
153,北京红松仁和医院,北京市朝阳区红松路2号院1号楼,100018,110105,朝阳区,一级,未评,A.医院,A1.综合医院,A100.综合医院,其它内资,营利性医疗机构
154,北京华大中医医院,北京朝阳区劲松四区405楼,100021,110105,朝阳区,一级,未评,A.医院,A2.中医医院,A210.中医（综合）医院,其它内资,营利性医疗机构
155,北京华德眼科医院,北京市朝阳区金台路甜水园东街10号,100026,110105,朝阳区,一级,未评,A.医院,A5.专科医院,A512.眼科医院,其它内资,营利性医疗机构
156,北京华府妇儿医院,北京市朝阳区百子湾南二路18号,100022,110105,朝阳区,二级,未评,A.医院,A5.专科医院,A539.其他专科医院,其它内资,营利性医疗机构
157,北京华韩医疗美容医院,北京市朝阳区劲松东口农光里109号,100021,110105,朝阳区,一级,未评,A.医院,A5.专科医院,A529.美容医院,其它内资,营利性医疗机构
158,北京华盛医院,北京市朝阳区成寿寺路威仪路5号,100164,110105,朝阳区,一级,未评,A.医院,A5.专科医院,A539.其他专科医院,其它内资,营利性医疗机构
159,北京华泰医院,北京市朝阳区平房西口,100025,110105,朝阳区,一级,未评,A.医院,A1.综合医院,A100.综合医院,股份合作,营利性医疗机构
160,北京华信医院（清华大学第一附属医院）,朝阳区酒仙桥一街坊6号,100016,110105,朝阳区,三级,合格,A.医院,A1.综合医院,A100.综合医院,国有全资,非营利性医疗机构
161,北京化工实验厂华仁医院,朝阳区垂杨柳中街甲1号,100022,110105,朝阳区,一级,未评,A.医院,A1.综合医院,A100.综合医院,私有,非营利性医疗机构
162,北京黄枢微创骨伤中医医院,北京市朝阳区金台路25号楼北侧,100026,110105,朝阳区,一级,未评,A.医院,A2.中医医院,A210.中医（综合）医院,其它内资,营利性医疗机构
163,北京惠兰医院,北京市朝阳区望京北路18号401室,100102,110105,朝阳区,一级,未评,A.医院,A1.综合医院,A100.综合医院,股份合作,营利性医疗机构
164,北京基础美医疗美容医院,北京市朝阳区广渠路大街28号珠江帝景家园商铺甲209号,100022,110105,朝阳区,一级,未评,A.医院,A5.专科医院,A529.美容医院,股份合作,营利性医疗机构
165,北京基恩医院,北京市朝阳区南湖东园122楼2层S-05、S-08、S-09、3层T-3号,100102,110105,朝阳区,一级,未评,A.医院,A1.综合医院,A100.综合医院,其它内资,营利性医疗机构
166,北京济民中医医院,北京市朝阳区八里庄西里61号楼1-2层B区,100025,110105,朝阳区,一级,未评,A.医院,A2.中医医院,A210.中医（综合）医院,私有,营利性医疗机构
167,北京建国医院,北京市朝阳区西大望路2号,100025,110105,朝阳区,一级,未评,A.医院,A1.综合医院,A100.综合医院,其它内资,营利性医疗机构
168,北京金凤凰医院,北京市朝阳区成寿寺路136号院2号楼101-102商铺,100078,110105,朝阳区,一级,未评,A.医院,A1.综合医院,A100.综合医院,其它内资,营利性医疗机构
169,北京京城皮肤病医院,北京市朝阳区得胜门外双泉堡甲4号,100192,110105,朝阳区,三级,未评,A.医院,A5.专科医院,A522.皮肤病医院,股份合作,营利性医疗机构
170,北京京师中医医院,北京市朝阳区团结湖北三条甲4号,100026,110105,朝阳区,一级,未评,A.医院,A2.中医医院,A210.中医（综合）医院,其它内资,营利性医疗机构
171,北京精诚博爱康复医院,北京市朝阳区崔各庄乡南皋路188号,100015,110105,朝阳区,二级,未评,A.医院,A5.专科医院,A527.康复医院,其它内资,营利性医疗机构
172,北京军山中医医院,北京市朝阳区十八里店乡老君堂村村北（瑞兴隆综合市场西侧）君堂路479号,100023,110105,朝阳区,一级,未评,A.医院,A2.中医医院,A210.中医（综合）医院,其它内资,营利性医疗机构
173,北京凯尔医院,北京市朝阳区望京湖光中街8号1号楼西段第二、四层,100102,110105,朝阳区,一级,未评,A.医院,A1.综合医院,A100.综合医院,其它内资,营利性医疗机构
174,北京黎明医院,北京市朝阳区世纪东方嘉园212楼3号,100023,110105,朝阳区,一级,未评,A.医院,A1.综合医院,A100.综合医院,股份合作,营利性医疗机构
175,北京丽都医疗美容医院,北京市朝阳区慧忠里103楼D座,100101,110105,朝阳区,一级,未评,A.医院,A5.专科医院,A529.美容医院,其它内资,营利性医疗机构
176,北京炼焦化学厂医院,北京市朝阳区化工路东口,100023,110105,朝阳区,一级,未评,A.医院,A1.综合医院,A100.综合医院,国有全资,非营利性医疗机构
177,北京龙脊中医骨伤医院,北京市朝阳区广顺北大街17号四层B03/B03a号,100102,110105,朝阳区,未评,未评,A.医院,A2.中医医院,A210.中医（综合）医院,其它内资,营利性医疗机构
178,北京卢安医院,北京市朝阳区孙河乡康营东路康营家园回迁安置房小区E06楼、E07楼,100015,110105,朝阳区,一级,未评,A.医院,A1.综合医院,A100.综合医院,其它内资,营利性医疗机构
179,北京玛丽妇婴医院,北京朝阳区和平里北街5号,100013,110105,朝阳区,二级,未评,A.医院,A5.专科医院,A518.妇产（科）医院,其它内资,营利性医疗机构
180,北京麦瑞骨科医院,北京市朝阳区北苑路1号,100012,110105,朝阳区,二级,未评,A.医院,A5.专科医院,A526.骨科医院,其它内资,营利性医疗机构
181,北京美迪中医皮肤病医院,北京市朝阳区高碑店乡半壁店村惠河南街1092号,100022,110105,朝阳区,二级,未评,A.医院,A2.中医医院,A229.其它中医专科医院,私有,营利性医疗机构
182,北京美莱医疗美容医院,北京市朝阳外大街227号,100020,110105,朝阳区,一级,未评,A.医院,A5.专科医院,A529.美容医院,其它内资,营利性医疗机构
183,北京美联臣医疗美容医院,北京市朝阳区东三环南路乙52楼3、5、6、7、8号,100022,110105,朝阳区,一级,未评,A.医院,A5.专科医院,A529.美容医院,其它内资,营利性医疗机构
184,北京美雅枫医疗美容医院,北京市朝阳区望京西园三区315楼,100102,110105,朝阳区,一级,未评,A.医院,A5.专科医院,A529.美容医院,其它内资,营利性医疗机构
185,北京美中宜和妇儿医院,北京市朝阳区芳园西路9号，朝阳区四得公园将台西路9-9号,100016,110105,朝阳区,二级,未评,A.医院,A5.专科医院,A539.其他专科医院,其它内资,营利性医疗机构
186,北京民众眼科医院,北京市朝阳区林萃西里22号楼,100192,110105,朝阳区,一级,未评,A.医院,A5.专科医院,A512.眼科医院,其它内资,营利性医疗机构
187,北京明德医院,北京市朝阳区酒仙桥北路9号（厂区）2、3、4号楼,100015,110105,朝阳区,一级,未评,A.医院,A1.综合医院,A100.综合医院,其它内资,营利性医疗机构
188,北京南区口腔医院,北京市朝阳区华威北里24号楼,100021,110105,朝阳区,一级,未评,A.医院,A5.专科医院,A511.口腔医院,其它内资,营利性医疗机构
189,北京年轮中医骨科医院,北京市朝阳区八里庄北里87-89号,100025,110105,朝阳区,一级,未评,A.医院,A2.中医医院,A222.骨伤医院,其它内资,营利性医疗机构
190,北京普祥医院,北京市朝阳区大山子南里甲2号,100015,110105,朝阳区,一级,未评,A.医院,A1.综合医院,A100.综合医院,其它内资,营利性医疗机构
191,北京七星华电科技集团有限责任公司医院,北京市朝阳区大山子北里29楼,100016,110105,朝阳区,一级,未评,A.医院,A1.综合医院,A100.综合医院,国有全资,非营利性医疗机构
192,北京全胜医院,北京市朝阳区黄厂南里3号院1号楼,100121,110105,朝阳区,一级,未评,A.医院,A1.综合医院,A100.综合医院,其它内资,营利性医疗机构
193,北京瑞程医院管理有限公司瑞泰口腔医院,北京市朝阳区天居园1号楼,100107,110105,朝阳区,二级,未评,A.医院,A5.专科医院,A511.口腔医院,其它内资,营利性医疗机构
194,北京善尔医院,北京市朝阳区望京西园四区412楼,100102,110105,朝阳区,一级,未评,A.医院,A1.综合医院,A100.综合医院,其它内资,营利性医疗机构
195,北京善方医院,北京市朝阳区工人体育场北路13号院4号楼,100027,110105,朝阳区,一级,未评,A.医院,A1.综合医院,A100.综合医院,其它内资,营利性医疗机构
196,北京圣马克医院,北京市朝阳区东四环南路53号院5号楼,100122,110105,朝阳区,一级,未评,A.医院,A1.综合医院,A100.综合医院,其它内资,营利性医疗机构
197,北京十里河医院,北京市朝阳区十八里店乡周庄村周家庄136号,100022,110105,朝阳区,一级,未评,A.医院,A1.综合医院,A100.综合医院,股份合作,营利性医疗机构
198,北京史三八医疗美容医院,北京市朝阳区广渠门外大街富力城A9-6,100022,110105,朝阳区,一级,未评,A.医院,A5.专科医院,A529.美容医院,其它内资,营利性医疗机构
199,北京世华针刀中医医院,朝阳区十八里店乡十里河路391号,100032,110105,朝阳区,一级,未评,A.医院,A2.中医医院,A210.中医（综合）医院,其它内资,营利性医疗机构
200,北京世纪晨光医院,北京朝阳区王四营乡观音惠园1号汇泰大厦,100023,110105,朝阳区,一级,未评,A.医院,A1.综合医院,A100.综合医院,其它内资,营利性医疗机构
201,北京市朝阳区大屯医院,北京市朝阳区慧忠里小区301楼,100101,110105,朝阳区,一级,未评,A.医院,A1.综合医院,A100.综合医院,国有全资,非营利性医疗机构
202,北京市朝阳区第三医院,北京市朝阳区双桥南路甲8号，朝阳区延静西里12号楼，朝阳区金盏乡金盏大街2号,100024,110105,朝阳区,二级,未评,A.医院,A5.专科医院,A520.精神病医院,国有全资,非营利性医疗机构
203,北京市朝阳区桓兴肿瘤医院,朝阳区十八里店吕家营南里甲1号,100122,110105,朝阳区,二级,未评,A.医院,A5.专科医院,A514.肿瘤医院,其它内资,非营利性医疗机构
204,北京市朝阳区三环肿瘤医院,北京市朝阳区十里河352号,100122,110105,朝阳区,二级,未评,A.医院,A5.专科医院,A514.肿瘤医院,股份合作,非营利性医疗机构
205,北京市朝阳区双龙医院,北京市朝阳双龙南里101楼,100122,110105,朝阳区,一级,未评,A.医院,A1.综合医院,A100.综合医院,其它内资,非营利性医疗机构
206,北京市朝阳区双桥医院,北京市朝阳区双桥东路,100121,110105,朝阳区,二级,未评,A.医院,A1.综合医院,A100.综合医院,国有全资,非营利性医疗机构
207,北京市朝阳区中医医院,北京市朝阳区工体南路6号,100020,110105,朝阳区,二级,甲等,A.医院,A2.中医医院,A210.中医（综合）医院,国有全资,非营利性医疗机构
208,北京市垂杨柳医院,北京市朝阳区垂杨柳南街2号；北京市朝阳区三间房西村甲479号,100022,110105,朝阳区,三级,未评,A.医院,A1.综合医院,A100.综合医院,国有全资,非营利性医疗机构
209,北京市第五建筑工程公司职工医院,朝阳区红庙柴家湾5号五建职工医院,100025,110105,朝阳区,一级,未评,A.医院,A1.综合医院,A100.综合医院,国有全资,非营利性医疗机构
210,北京市第一中西医结合医院,北京市朝阳区金台路13号内2号、朝阳区东坝乡东风大队二条,100026,110105,朝阳区,三级,甲等,A.医院,A3.中西医结合医院,A300.中西医结合医院,国有全资,非营利性医疗机构
211,北京市公安医院,北京市朝阳区豆各庄村甲505号,100121,110105,朝阳区,三级,未评,A.医院,A1.综合医院,A100.综合医院,国有全资,非营利性医疗机构
212,北京市红十字会急诊抢救中心,北京市朝阳区清河东路1号,100192,110105,朝阳区,三级,未评,A.医院,A5.专科医院,A539.其他专科医院,集体全资,非营利性医疗机构
213,北京市老年病医院,北京市朝阳区华严北里小关西街甲2号,100029,110105,朝阳区,二级,甲等,A.医院,A5.专科医院,A539.其他专科医院,国有全资,非营利性医疗机构
214,北京首都机场医院,北京市首都机场南路东里17 号楼,100621,110105,朝阳区,二级,甲等,A.医院,A1.综合医院,A100.综合医院,国有全资,非营利性医疗机构
215,北京天伦医院,北京市朝阳区朝阳门南大街12号,100020,110105,朝阳区,一级,未评,A.医院,A1.综合医院,A100.综合医院,股份合作,营利性医疗机构
216,北京天使儿童医院,北京市朝阳区广渠东路大郊亭2号,100124,110105,朝阳区,一级,未评,A.医院,A5.专科医院,A519.儿童医院,其它内资,营利性医疗机构
217,北京天使望京妇儿医院,北京市朝阳区望京西园一区117楼,100102,110105,朝阳区,一级,未评,A.医院,A5.专科医院,A539.其他专科医院,其它内资,营利性医疗机构
218,北京天轩脑病康复医院,北京市朝阳区西坝河东里16号,100028,110105,朝阳区,一级,未评,A.医院,A5.专科医院,A527.康复医院,其它内资,非营利性医疗机构
219,北京通策京朝口腔医院,朝阳八里庄西里100号住邦2000商务楼,100025,110105,朝阳区,一级,未评,A.医院,A5.专科医院,A511.口腔医院,其它内资,营利性医疗机构
220,北京同春堂中医医院,北京市朝阳区管庄杨闸环岛西侧北角P3商业楼,100024,110105,朝阳区,一级,未评,A.医院,A2.中医医院,A210.中医（综合）医院,其它内资,营利性医疗机构
221,北京同仁福康眼科医院,朝阳区安立路66号安立花园c座七、八层、九层,100101,110105,朝阳区,一级,未评,A.医院,A5.专科医院,A512.眼科医院,其它内资,营利性医疗机构
222,北京万和颈椎病医院,北京市朝阳区立水桥北8号,102218,110105,朝阳区,一级,未评,A.医院,A5.专科医院,A539.其他专科医院,其它内资,营利性医疗机构
223,北京维尔口腔医院,北京市朝阳区朝阳区朝阳北路八里庄南里３２号楼,100025,110105,朝阳区,一级,未评,A.医院,A5.专科医院,A511.口腔医院,其它内资,营利性医疗机构
224,北京维特奥医院,北京市朝阳区东三环南路乙52楼9-1,100022,110105,朝阳区,一级,未评,A.医院,A1.综合医院,A100.综合医院,其它内资,营利性医疗机构
225,北京伟达中医肿瘤医院,北京市朝阳区王四营乡官庄大队官庄路100号,100023,110105,朝阳区,一级,未评,A.医院,A2.中医医院,A229.其它中医专科医院,其它内资,营利性医疗机构
226,北京五方桥中医肾病医院,北京市朝阳区王四营乡王四营村339,100023,110105,朝阳区,二级,未评,A.医院,A2.中医医院,A229.其它中医专科医院,股份合作,营利性医疗机构
227,北京五洲妇儿医院,北京市朝阳区西大望路24号,100022,110105,朝阳区,二级,未评,A.医院,A5.专科医院,A518.妇产（科）医院,其它内资,营利性医疗机构
228,北京西直河仁安医院,北京市朝阳区十八里店乡西直河村村委会南院,100023,110105,朝阳区,一级,未评,A.医院,A1.综合医院,A100.综合医院,其它内资,营利性医疗机构
229,北京新时代伊美尔幸福医学美容专科医院,北京市朝阳区东三环北路3号,100027,110105,朝阳区,一级,未评,A.医院,A5.专科医院,A529.美容医院,其它内资,营利性医疗机构
230,北京新世纪妇儿医院,北京市朝阳区望京北路51号院第2号楼、第5号楼,110102,110105,朝阳区,二级,未评,A.医院,A5.专科医院,A518.妇产（科）医院,其它内资,营利性医疗机构
231,北京叶子整形美容医院,北京市朝阳区高碑店北路5-3号,100025,110105,朝阳区,一级,未评,A.医院,A5.专科医院,A529.美容医院,私有,营利性医疗机构
232,北京医圣堂中医医院,北京市朝阳区芍药居北里305号一层24-29室,100029,110105,朝阳区,一级,未评,A.医院,A2.中医医院,A210.中医（综合）医院,其它内资,营利性医疗机构
233,北京伊美尔医疗美容医院,北京市朝阳区水碓子北里11号,100026,110105,朝阳区,一级,未评,A.医院,A5.专科医院,A529.美容医院,其它内资,营利性医疗机构
234,北京颐康中医医院,朝阳区北苑路172号万兴苑15．16号楼裙房,100101,110105,朝阳区,一级,未评,A.医院,A2.中医医院,A210.中医（综合）医院,私有,营利性医疗机构
235,北京宜健三业医院,北京市朝阳区新源里111号,100027,110105,朝阳区,一级,未评,A.医院,A1.综合医院,A100.综合医院,其它内资,营利性医疗机构
236,北京艺星医疗美容医院,北京市朝阳区东三环中路（东环南路22号北侧3号楼）,100020,110105,朝阳区,一级,未评,A.医院,A5.专科医院,A529.美容医院,私有,营利性医疗机构
237,北京易货通科技发展有限公司京润医院,北京市朝阳区霄云路18号京润水上花园别墅公寓C\C'座,100016,110105,朝阳区,一级,未评,A.医院,A1.综合医院,A100.综合医院,其它内资,营利性医疗机构
238,北京英智康复医院,北京朝阳区八里庄南里5号楼,100025,110105,朝阳区,一级,未评,A.医院,A5.专科医院,A527.康复医院,其它内资,营利性医疗机构
239,北京永寿中医医院,北京市朝阳区十八里店乡横街子村18号,100023,110105,朝阳区,一级,未评,A.医院,A2.中医医院,A229.其它中医专科医院,其它内资,营利性医疗机构
240,北京优联耳鼻喉医院,北京市朝阳区东四环南路53号院7号楼,100122,110105,朝阳区,二级,未评,A.医院,A5.专科医院,A513.耳鼻喉科医院,其它内资,营利性医疗机构
241,北京玉林中医医院,北京市朝阳区八里庄北里305楼,100025,110105,朝阳区,一级,未评,A.医院,A2.中医医院,A210.中医（综合）医院,其它内资,营利性医疗机构
242,北京月犁中医医院,北京市朝阳区将台乡铁路大环内将府庄园内,100015,110105,朝阳区,一级,未评,A.医院,A2.中医医院,A210.中医（综合）医院,其它内资,非营利性医疗机构
243,北京至微金诺医院,北京市朝阳区建国路29号兴隆家园29号楼,100123,110105,朝阳区,一级,未评,A.医院,A1.综合医院,A100.综合医院,其它内资,营利性医疗机构
244,北京中海中医医院,北京市朝阳区松榆北路5号楼,100021,110105,朝阳区,一级,合格,A.医院,A2.中医医院,A210.中医（综合）医院,其它内资,营利性医疗机构
245,北京中京苑医学科学研究院恒安中医院,北京市朝阳区西大望路甲27号,100124,110105,朝阳区,一级,未评,A.医院,A2.中医医院,A210.中医（综合）医院,其它内资,营利性医疗机构
246,北京中山医院,北京市朝阳区南新园中路112号楼。,100022,110105,朝阳区,一级,未评,A.医院,A1.综合医院,A100.综合医院,其它内资,营利性医疗机构
247,北京中研万康中医医院,北京市朝阳区西坝河南路4号,100028,110105,朝阳区,一级,未评,A.医院,A2.中医医院,A210.中医（综合）医院,其它内资,营利性医疗机构
248,北京中医药大学第三附属医院,朝阳区安定门外小关街51号,100029,110105,朝阳区,三级,甲等,A.医院,A3.中西医结合医院,A300.中西医结合医院,国有全资,非营利性医疗机构
249,北京俪婴妇产医院,北京市朝阳区雅成一里16号楼,100025,110105,朝阳区,二级,未评,A.医院,A5.专科医院,A518.妇产（科）医院,其它内资,营利性医疗机构
250,北京垡头大柳树医院,朝阳区王四营路大柳树153号,100023,110105,朝阳区,一级,未评,A.医院,A5.专科医院,A520.精神病医院,其它内资,营利性医疗机构
251,北京芸众本草中医医院,北京市朝阳区望京北路39号10号楼,100102,110105,朝阳区,一级,未评,A.医院,A2.中医医院,A210.中医（综合）医院,其它内资,营利性医疗机构
252,北京薇琳医疗美容医院,北京市朝阳区东直门外大街12号,100027,110105,朝阳区,一级,未评,A.医院,A5.专科医院,A529.美容医院,其它内资,营利性医疗机构
253,北京闫三毛骨病中医院,北京市朝阳区黄寺大街3号,100011,110105,朝阳区,一级,未评,A.医院,A2.中医医院,A210.中医（综合）医院,其它内资,营利性医疗机构
254,北京嫣然天使儿童医院,北京市朝阳区望京东园519号楼,100102,110105,朝阳区,二级,未评,A.医院,A5.专科医院,A519.儿童医院,其它内资,非营利性医疗机构
255,北内集团总公司北京双井医院,北京市朝阳区广渠路31号,100022,110105,朝阳区,一级,未评,A.医院,A1.综合医院,A100.综合医院,国有全资,非营利性医疗机构
256,慈铭健康体检管理集团股份有限公司北京奥亚医院,北京市朝阳区北苑路91号,100101,110105,朝阳区,一级,未评,A.医院,A1.综合医院,A100.综合医院,其它内资,营利性医疗机构
257,慈铭健康体检管理集团股份有限公司北京亮马桥医院,朝阳区亮马桥路39号“第一上海中心”,100125,110105,朝阳区,一级,未评,A.医院,A1.综合医院,A100.综合医院,股份合作,营利性医疗机构
258,对外经济贸易大学医院,朝阳区惠新东街12号,100029,110105,朝阳区,一级,未评,A.医院,A1.综合医院,A100.综合医院,国有全资,非营利性医疗机构
259,航空总医院,北京市朝阳区安外北苑3号院,100012,110105,朝阳区,三级,未评,A.医院,A1.综合医院,A100.综合医院,国有全资,非营利性医疗机构
260,路桥集团第一公路工程局周井医院,朝阳管庄周井大院周井医院,100024,110105,朝阳区,一级,未评,A.医院,A1.综合医院,A100.综合医院,国有全资,非营利性医疗机构
261,煤炭总医院,朝阳区西坝河南里29号,100028,110105,朝阳区,三级,合格,A.医院,A1.综合医院,A100.综合医院,国有全资,非营利性医疗机构
262,民航总医院,北京朝外高井甲一号,100025,110105,朝阳区,三级,合格,A.医院,A1.综合医院,A100.综合医院,国有全资,非营利性医疗机构
263,首都儿科研究所附属儿童医院,北京朝阳区雅宝路2号,100020,110105,朝阳区,三级,甲等,A.医院,A5.专科医院,A519.儿童医院,国有全资,非营利性医疗机构
264,首都医科大学附属北京安贞医院,北京市朝阳区安贞路2号,100029,110105,朝阳区,三级,甲等,A.医院,A1.综合医院,A100.综合医院,国有全资,非营利性医疗机构
265,首都医科大学附属北京朝阳医院,北京市朝阳区工体南路8号,100020,110105,朝阳区,三级,甲等,A.医院,A1.综合医院,A100.综合医院,国有全资,非营利性医疗机构
266,首都医科大学附属北京地坛医院,北京市朝阳区京顺路东街8号,100015,110105,朝阳区,三级,甲等,A.医院,A5.专科医院,A521.传染病医院,国有全资,非营利性医疗机构
267,卫生部中日友好医院,北京市朝阳区和平里樱花园东街2号,100029,110105,朝阳区,三级,甲等,A.医院,A1.综合医院,A100.综合医院,国有全资,非营利性医疗机构
268,中电建建筑集团有限公司定福庄医院,朝阳区定福庄西街21号楼,100024,110105,朝阳区,一级,未评,A.医院,A1.综合医院,A100.综合医院,国有全资,非营利性医疗机构
269,中国藏学研究中心北京藏医院,北京市朝阳区小关北里218号,100029,110105,朝阳区,二级,未评,A.医院,A4.民族医院,A412.藏医院,国有全资,非营利性医疗机构
270,中国舰船研究院北京舰船医院,北京市朝阳区德外双泉堡甲2号,100192,110105,朝阳区,一级,未评,A.医院,A1.综合医院,A100.综合医院,国有全资,非营利性医疗机构
271,中国建筑材料科学研究总院管庄东里医院,北京市朝阳区管庄东里1号,100024,110105,朝阳区,一级,未评,A.医院,A1.综合医院,A100.综合医院,国有全资,非营利性医疗机构
272,中国老龄事业发展基金会北京松堂关怀医院,朝阳区管庄166号,100024,110105,朝阳区,一级,未评,A.医院,A5.专科医院,A539.其他专科医院,其它内资,非营利性医疗机构
273,中国医学科学院肿瘤医院,北京市朝阳区潘家园南里17号,100021,110105,朝阳区,三级,甲等,A.医院,A5.专科医院,A514.肿瘤医院,国有全资,非营利性医疗机构
274,中国中医科学院望京医院,北京市朝阳区望京中环南路6号,100102,110105,朝阳区,三级,甲等,A.医院,A2.中医医院,A210.中医（综合）医院,国有全资,非营利性医疗机构
275,北京博爱堂中医医院,北京市丰台区开阳路一号瀚海花园大厦一层6号,100069,110106,丰台区,一级,合格,A.医院,A2.中医医院,A210.中医（综合）医院,私有,营利性医疗机构
276,北京博仁医院,北京市丰台区郑王坟南6号A、B、C座,100071,110106,丰台区,二级,未评,A.医院,A1.综合医院,A100.综合医院,其它内资,营利性医疗机构
277,北京长峰医院,北京市丰台区靛厂新村291号,100039,110106,丰台区,二级,合格,A.医院,A1.综合医院,A100.综合医院,私有,营利性医疗机构
278,北京东方京城中医医院,北京市丰台区西四环南路60号,100071,110106,丰台区,一级,合格,A.医院,A1.综合医院,A100.综合医院,股份合作,营利性医疗机构
279,北京东管头投资管理公司丽泽医院,丰台区丽泽路98号,100073,110106,丰台区,一级,合格,A.医院,A1.综合医院,A100.综合医院,集体全资,非营利性医疗机构
280,北京丰台宝仁中医医院,北京市丰台区莲花池南里14号,100055,110106,丰台区,一级,合格,A.医院,A2.中医医院,A210.中医（综合）医院,其它内资,非营利性医疗机构
281,北京丰台长城医院,北京市丰台区杜家坎15号院,100072,110106,丰台区,一级,合格,A.医院,A1.综合医院,A100.综合医院,其它内资,非营利性医疗机构
282,北京丰台阜仁眼科医院,北京市丰台区太平桥东里24号院,100073,110106,丰台区,一级,合格,A.医院,A5.专科医院,A512.眼科医院,私有,非营利性医疗机构
283,北京丰台广济医院,北京市丰台区花乡纪家庙,100071,110106,丰台区,一级,甲等,A.医院,A1.综合医院,A100.综合医院,私有,非营利性医疗机构
284,北京丰台国泰医院,北京市丰台区靛厂村甲410号,100039,110106,丰台区,一级,合格,A.医院,A1.综合医院,A100.综合医院,私有,非营利性医疗机构
285,北京丰台华康中医医院,北京市丰台区丰管路甲5号-9,100071,110106,丰台区,一级,合格,A.医院,A2.中医医院,A210.中医（综合）医院,其它内资,非营利性医疗机构
286,北京丰台华山医院,北京市丰台区大井东里1号院,100071,110106,丰台区,一级,合格,A.医院,A1.综合医院,A100.综合医院,其它内资,非营利性医疗机构
287,北京丰台建都医院,北京市丰台区南顶路4号,100075,110106,丰台区,一级,合格,A.医院,A1.综合医院,A100.综合医院,私有,非营利性医疗机构
288,北京丰台康泰医院,丰台区张郭庄南路甲1号,100072,110106,丰台区,一级,甲等,A.医院,A1.综合医院,A100.综合医院,其它内资,非营利性医疗机构
289,北京丰台刘家窑中医医院,北京市丰台区东铁匠营顺四条甲63号,100079,110106,丰台区,一级,合格,A.医院,A2.中医医院,A210.中医（综合）医院,私有,非营利性医疗机构
290,北京丰台人和中医医院,北京市丰台区南三环中路南木樨园66号,100075,110106,丰台区,一级,合格,A.医院,A2.中医医院,A210.中医（综合）医院,其它内资,非营利性医疗机构
291,北京丰台体坛中医医院,北京丰台方庄芳城园一区1号楼,100078,110106,丰台区,一级,合格,A.医院,A2.中医医院,A210.中医（综合）医院,私有,非营利性医疗机构
292,北京丰台祥龙三路居医院,北京市丰台区西客站南路南口丽泽雅园E座,100073,110106,丰台区,一级,甲等,A.医院,A1.综合医院,A100.综合医院,国有全资,非营利性医疗机构
293,北京丰台医星中西医结合医院,北京市丰台区游泳场北路甲9号,100071,110106,丰台区,一级,合格,A.医院,A3.中西医结合医院,A300.中西医结合医院,其它内资,非营利性医疗机构
294,北京丰台医院,北京市丰台区丰台镇西安街1号;北京市丰台区丰台南路99号,100071,110106,丰台区,二级,甲等,A.医院,A1.综合医院,A100.综合医院,国有全资,非营利性医疗机构
295,北京丰台银龄中医医院,丰台区五里店706号,100071,110106,丰台区,一级,合格,A.医院,A2.中医医院,A210.中医（综合）医院,其他,非营利性医疗机构
296,北京丰台英博中西医结合医院,北京市丰台区新发地陈留村南口,100071,110106,丰台区,一级,合格,A.医院,A3.中西医结合医院,A300.中西医结合医院,私有,非营利性医疗机构
297,北京丰台右安门医院,丰台区右外大街199号,100069,110106,丰台区,二级,合格,A.医院,A1.综合医院,A100.综合医院,集体全资,非营利性医疗机构
298,北京丰台中康医院,北京市丰台区西罗园四区34号,100077,110106,丰台区,一级,甲等,A.医院,A1.综合医院,A100.综合医院,股份合作,非营利性医疗机构
299,北京丰台中山医院,丰台区西局南街368号,100073,110106,丰台区,一级,合格,A.医院,A1.综合医院,A100.综合医院,私有,非营利性医疗机构
300,北京丰台众仁堂中医医院,北京市丰台区新村四里26号,100070,110106,丰台区,一级,合格,A.医院,A2.中医医院,A210.中医（综合）医院,私有,非营利性医疗机构
301,北京丰台怡康医院,北京市丰台区马家堡路69号西门,100068,110106,丰台区,一级,合格,A.医院,A1.综合医院,A100.综合医院,其它内资,非营利性医疗机构
302,北京丰益肛肠医院,北京市丰台区丰管路22号,100071,110106,丰台区,一级,合格,A.医院,A2.中医医院,A210.中医（综合）医院,私有,营利性医疗机构
303,北京凤江中医医院,丰台区永外南窑村2号,100078,110106,丰台区,一级,合格,A.医院,A2.中医医院,A210.中医（综合）医院,其它内资,营利性医疗机构
304,北京国丹白癜风医院,北京市丰台区太平桥路17号,100070,110106,丰台区,三级,未评,A.医院,A5.专科医院,A522.皮肤病医院,私有,营利性医疗机构
305,北京国济中医医院,北京市丰台区莲花池东路132号,100055,110106,丰台区,二级,合格,A.医院,A2.中医医院,A210.中医（综合）医院,其它内资,非营利性医疗机构
306,北京海华医院,北京市丰台区育菲园东里4号,100070,110106,丰台区,一级,未评,A.医院,A1.综合医院,A100.综合医院,私有,营利性医疗机构
307,北京航天总医院,北京市丰台区万源北路七号,100076,110106,丰台区,二级,甲等,A.医院,A1.综合医院,A100.综合医院,国有全资,非营利性医疗机构
308,北京华博医院,北京市丰台区永外横二条1号,100078,110106,丰台区,一级,合格,A.医院,A1.综合医院,A100.综合医院,私有,营利性医疗机构
309,北京华军中医医院,丰台区南苑团河路北口十号,100076,110106,丰台区,一级,合格,A.医院,A2.中医医院,A210.中医（综合）医院,其它内资,营利性医疗机构
310,北京华夏红旗中医医院,北京市丰台区北甲地路6号玺萌丽苑8号,100067,110106,丰台区,一级,未评,A.医院,A2.中医医院,A210.中医（综合）医院,其它内资,营利性医疗机构
311,北京金桥医院,北京市丰台区东铁营跃进村一号,100078,110106,丰台区,一级,合格,A.医院,A1.综合医院,A100.综合医院,私有,营利性医疗机构
312,北京京科肝泰医院,北京市丰台区新发地村潘家庙综合服务楼,100070,110106,丰台区,一级,合格,A.医院,A1.综合医院,A100.综合医院,股份合作,营利性医疗机构
313,北京京科银康医院,北京市丰台区育芳园东里2号楼,100070,110106,丰台区,一级,合格,A.医院,A1.综合医院,A100.综合医院,私有,营利性医疗机构
314,北京开阳中医医院,北京市丰台区右安门外东三条1号,100069,110106,丰台区,一级,合格,A.医院,A2.中医医院,A210.中医（综合）医院,私有,营利性医疗机构
315,北京康济中西医结合医院,北京市丰台区正阳大街67号,100071,110106,丰台区,一级,合格,A.医院,A3.中西医结合医院,A300.中西医结合医院,私有,营利性医疗机构
316,北京康助护理院,北京市丰台区长辛店光明里74号,100072,110106,丰台区,一级,合格,A.医院,A7.护理院(站),A710.护理院,私有,营利性医疗机构
317,北京六一八厂医院,丰台区朱家坟四里13号,100072,110106,丰台区,一级,甲等,A.医院,A1.综合医院,A100.综合医院,国有全资,非营利性医疗机构
318,北京瑞京糖尿病医院,北京市丰台区分中寺280号楼,100078,110106,丰台区,一级,合格,A.医院,A5.专科医院,A539.其他专科医院,私有,营利性医疗机构
319,北京时珍堂医院,北京市丰台区丰葆路198号,100160,110106,丰台区,一级,合格,A.医院,A1.综合医院,A100.综合医院,其它内资,营利性医疗机构
320,北京市丰台区老年人协会莲花池康复医院,北京市丰台区莲宝路2号院,100161,110106,丰台区,未评,未评,A.医院,A5.专科医院,A527.康复医院,其他,非营利性医疗机构
321,北京市丰台区南苑医院,北京市丰台区南苑镇公所胡同3号,100076,110106,丰台区,二级,合格,A.医院,A1.综合医院,A100.综合医院,国有全资,非营利性医疗机构
322,北京市丰台区铁营医院,北京市丰台区永外横七条一号,100079,110106,丰台区,二级,合格,A.医院,A1.综合医院,A100.综合医院,国有全资,非营利性医疗机构
323,北京市丰台区兴隆中医医院,北京市丰台区丰台镇兴隆中街6号，北京市丰台区大成南里2区3号楼,100071,110106,丰台区,一级,合格,A.医院,A2.中医医院,A210.中医（综合）医院,国有全资,非营利性医疗机构
324,北京市丰台中西医结合医院,北京市丰台区长辛店东山坡三里甲60号,100072,110106,丰台区,三级,甲等,A.医院,A3.中西医结合医院,A300.中西医结合医院,国有全资,非营利性医疗机构
325,北京市红十字会和平医院,北京市丰台区丰台路口东里198号,100161,110106,丰台区,一级,合格,A.医院,A1.综合医院,A100.综合医院,其他,非营利性医疗机构
326,北京市木材厂职工医院,北京市大红门西路4号,100068,110106,丰台区,一级,合格,A.医院,A1.综合医院,A100.综合医院,国有全资,非营利性医疗机构
327,北京市三环英和医院,丰台区葛村西里1号,100070,110106,丰台区,一级,甲等,A.医院,A1.综合医院,A100.综合医院,其它内资,非营利性医疗机构
328,北京首大耳鼻喉医院,北京市丰台区成寿寺路33号,100078,110106,丰台区,三级,合格,A.医院,A5.专科医院,A513.耳鼻喉科医院,其它内资,营利性医疗机构
329,北京同仁堂第二中医医院,北京市丰台区南三环中路20号,100079,110106,丰台区,一级,合格,A.医院,A2.中医医院,A210.中医（综合）医院,国有全资,非营利性医疗机构
330,北京卫人中医医院,丰台区大红门西马场甲14号,100071,110106,丰台区,一级,合格,A.医院,A2.中医医院,A210.中医（综合）医院,其它内资,营利性医疗机构
331,北京西鹤年堂中医医院,北京市丰台区大台子9号,100068,110106,丰台区,一级,合格,A.医院,A2.中医医院,A210.中医（综合）医院,其它内资,营利性医疗机构
332,北京祥云京城皮肤病医院,北京市丰台区马家堡路69号院1号楼、2号楼,100068,110106,丰台区,三级,未评,A.医院,A5.专科医院,A522.皮肤病医院,股份有限（公司）,营利性医疗机构
333,北京新景安太医疗技术服务有限公司安太嘉园医院,北京市丰台区嘉园路星河苑1号院18号楼,100067,110106,丰台区,一级,合格,A.医院,A1.综合医院,A100.综合医院,其它内资,营利性医疗机构
334,北京新里程肿瘤医院,北京市丰台区万丰路69号,100161,110106,丰台区,二级,未评,A.医院,A5.专科医院,A514.肿瘤医院,中外合资,营利性医疗机构
335,北京瑶医医院,北京市丰台区海鹰路六号院31号楼,100070,110106,丰台区,一级,合格,A.医院,A4.民族医院,A419.其他民族医院,私有,非营利性医疗机构
336,北京中联科中医医院,北京市丰台区分钟寺266号,100078,110106,丰台区,一级,合格,A.医院,A2.中医医院,A210.中医（综合）医院,私有,营利性医疗机构
337,北京中医药大学东方医院,北京市丰台区方庄小区芳星园一区六号,100078,110106,丰台区,三级,甲等,A.医院,A2.中医医院,A210.中医（综合）医院,国有全资,非营利性医疗机构
338,华北电网有限公司北京电力医院,北京丰台区太平桥西里甲1号,100073,110106,丰台区,三级,合格,A.医院,A1.综合医院,A100.综合医院,国有全资,非营利性医疗机构
339,首都医科大学附属北京同仁医院丰台同仁京苑医院,北京市丰台区马家堡东路88号,100068,110106,丰台区,一级,合格,A.医院,A1.综合医院,A100.综合医院,股份合作,非营利性医疗机构
340,首都医科大学附属北京佑安医院,北京市丰台区右外西头条8号,100069,110106,丰台区,三级,甲等,A.医院,A5.专科医院,A521.传染病医院,国有全资,非营利性医疗机构
341,首都医科大学校医院,北京市丰台区右安门外西头条10号,100069,110106,丰台区,一级,合格,A.医院,A1.综合医院,A100.综合医院,国有全资,非营利性医疗机构
342,中国北方车辆研究所职工医院,北京市969信箱46号,100072,110106,丰台区,一级,甲等,A.医院,A1.综合医院,A100.综合医院,国有全资,非营利性医疗机构
343,中国航天科工集团七三一医院,北京市丰台区云岗镇岗南里3号院,100074,110106,丰台区,二级,甲等,A.医院,A1.综合医院,A100.综合医院,国有全资,非营利性医疗机构
344,中国康复研究中心-北京博爱医院,北京市丰台区角门北路10号,100068,110106,丰台区,三级,甲等,A.医院,A1.综合医院,A100.综合医院,国有全资,非营利性医疗机构
345,北京大学首钢医院,北京市石景山区晋元庄路9号,100144,110107,石景山区,三级,合格,A.医院,A1.综合医院,A100.综合医院,国有全资,非营利性医疗机构
346,北京古城都市丽人医院,北京市石景山区古城大街37号,100043,110107,石景山区,一级,未评,A.医院,A5.专科医院,A518.妇产（科）医院,其他,营利性医疗机构
347,北京联科中医肾病医院,北京市石景山区模式口西102号,100041,110107,石景山区,二级,未评,A.医院,A2.中医医院,A229.其它中医专科医院,股份合作,营利性医疗机构
348,北京米赫医院,北京市石景山区永乐东小区（原黄楼幼儿园）,100040,110107,石景山区,一级,未评,A.医院,A1.综合医院,A100.综合医院,私有,营利性医疗机构
349,北京石景山八大处中西医结合医院,北京市石景山区实兴大街11号,100041,110107,石景山区,一级,未评,A.医院,A3.中西医结合医院,A300.中西医结合医院,私有,营利性医疗机构
350,北京石景山同心医院,石景山区西郊吴家村,100040,110107,石景山区,一级,甲等,A.医院,A1.综合医院,A100.综合医院,股份合作,非营利性医疗机构
351,北京市昆仑医院,北京市石景山区永乐东区,100040,110107,石景山区,一级,乙等,A.医院,A1.综合医院,A100.综合医院,私有,营利性医疗机构
352,北京市石景山区红十字绍家坡康复医院,北京市石景山区绍家坡金顶山路19号,100041,110107,石景山区,一级,未评,A.医院,A5.专科医院,A539.其他专科医院,私有,营利性医疗机构
353,北京市石景山区护理院,,,110107,石景山区,未评,未评,A.医院,A7.护理院(站),A710.护理院,国有全资,营利性医疗机构
354,北京市石景山区老医药卫生工作者协会路安康中医医院,石景山区模式口南里,100041,110107,石景山区,一级,未评,A.医院,A2.中医医院,A229.其它中医专科医院,私有,非营利性医疗机构
355,北京市石景山区老医药卫生工作者协会模式口中医医院,模式口大街甲48号,100041,110107,石景山区,一级,未评,A.医院,A2.中医医院,A229.其它中医专科医院,私有,非营利性医疗机构
356,北京市石景山区老医药卫生工作者协会中医骨伤医院,北京市石景山区冠景新城B区3号楼,100144,110107,石景山区,一级,未评,A.医院,A2.中医医院,A229.其它中医专科医院,私有,非营利性医疗机构
357,北京市石景山区五里坨医院,北京市石景山区石门路322号,100042,110107,石景山区,一级,甲等,A.医院,A5.专科医院,A520.精神病医院,国有全资,非营利性医疗机构
358,北京市石景山区中医医院,北京市石景山区八角北路,100043,110107,石景山区,二级,乙等,A.医院,A2.中医医院,A210.中医（综合）医院,国有全资,非营利性医疗机构
359,北京市石景山医院,北京市石景山区石景山路24号,100043,110107,石景山区,二级,甲等,A.医院,A1.综合医院,A100.综合医院,国有全资,非营利性医疗机构
360,北京首钢特殊钢有限公司泰康医院,石景山区古城小街1号,100043,110107,石景山区,一级,甲等,A.医院,A1.综合医院,A100.综合医院,国有全资,非营利性医疗机构
361,北京燕都医院,石景山区鲁谷大街重兴嘉园1号楼,100040,110107,石景山区,一级,未评,A.医院,A1.综合医院,A100.综合医院,私有,营利性医疗机构
362,北京中康佳中医药研究院长庚医院,北京市石景山区古城南里8号,100043,110107,石景山区,一级,乙等,A.医院,A2.中医医院,A229.其它中医专科医院,股份合作,营利性医疗机构
363,清华大学玉泉医院,北京市石景山区石景山路5号,100040,110107,石景山区,二级,甲等,A.医院,A1.综合医院,A100.综合医院,国有全资,非营利性医疗机构
364,首都医科大学附属北京康复医院,北京市石景山区西下庄,100144,110107,石景山区,三级,未评,A.医院,A1.综合医院,A100.综合医院,国有全资,非营利性医疗机构
365,首钢矿山医院,河北省迁安市杨店子镇滨河村,100043,110107,石景山区,二级,甲等,A.医院,A1.综合医院,A100.综合医院,国有全资,非营利性医疗机构
366,中国医学科学院整形外科医院,北京石景山区八大处路33号,100144,110107,石景山区,三级,甲等,A.医院,A5.专科医院,A528.整形外科医院,国有全资,非营利性医疗机构
367,中国中医科学院眼科医院,北京市石景山区鲁谷路33号,100040,110107,石景山区,三级,甲等,A.医院,A2.中医医院,A229.其它中医专科医院,国有全资,非营利性医疗机构
368,北京艾丽斯妇科医院,北京市海淀区北四环西路9号—1,100190,110108,海淀区,一级,未评,A.医院,A5.专科医院,A518.妇产（科）医院,其他,营利性医疗机构
369,北京八珍堂中医医院,北京市海淀区厢黄旗2号楼X05-2、X05-3、X06,100093,110108,海淀区,一级,未评,A.医院,A2.中医医院,A210.中医（综合）医院,其它内资,营利性医疗机构
370,北京宝岛妇产医院,北京市海淀区新街口外大街1号,100000,110108,海淀区,二级,未评,A.医院,A5.专科医院,A518.妇产（科）医院,其他,营利性医疗机构
371,北京北科生殖健康专科医院,北京市海淀区大慧寺路12号,100081,110108,海淀区,未评,未评,A.医院,A5.专科医院,A539.其他专科医院,私有,营利性医疗机构
372,北京北科医院,北京市海淀区志新村小区25号院1号楼,100083,110108,海淀区,一级,未评,A.医院,A1.综合医院,A100.综合医院,股份合作,营利性医疗机构
373,北京大诚中医针灸医院,北京市海淀区远大路39号1号楼（青清商厦）二层南侧,100097,110108,海淀区,一级,未评,A.医院,A2.中医医院,A223.针灸医院,其它内资,营利性医疗机构
374,北京大学第六医院,北京市海淀区花园北路51号,100191,110108,海淀区,三级,甲等,A.医院,A5.专科医院,A520.精神病医院,国有全资,非营利性医疗机构
375,北京大学第三医院,北京市海淀区花园北路49号,100191,110108,海淀区,三级,甲等,A.医院,A1.综合医院,A100.综合医院,国有全资,非营利性医疗机构
376,北京大学口腔医院,北京市海淀区中关村南大街22号,100081,110108,海淀区,三级,甲等,A.医院,A5.专科医院,A511.口腔医院,国有全资,非营利性医疗机构
377,北京大学医院,北京市海淀区颐和园路5号北京大学医院,100871,110108,海淀区,二级,合格,A.医院,A1.综合医院,A100.综合医院,国有全资,非营利性医疗机构
378,北京道合肛肠医院,北京市海淀区海淀乡西苑草场108号,100091,110108,海淀区,未评,未评,A.医院,A5.专科医院,A539.其他专科医院,其他,营利性医疗机构
379,北京德尔康尼骨科医院,新街口外大街16号住院楼4层,100088,110108,海淀区,二级,未评,A.医院,A5.专科医院,A526.骨科医院,私有,营利性医疗机构
380,北京定慧康杰医院,北京市海淀区八里庄街道五孔桥33号院北楼,100039,110108,海淀区,未评,未评,A.医院,A1.综合医院,A100.综合医院,私有,营利性医疗机构
381,北京尔康百旺医院,北京市海淀区清河小营西小口路27号,100094,110108,海淀区,未评,未评,A.医院,A1.综合医院,A100.综合医院,其他,营利性医疗机构
382,北京凤凰关爱护理医院,北京市海淀区阳台山路7号,100095,110108,海淀区,未评,未评,A.医院,A7.护理院(站),A710.护理院,其他,营利性医疗机构
383,北京光彩明天儿童眼科医院,北京海淀区万寿路17号B座,100036,110108,海淀区,一级,甲等,A.医院,A5.专科医院,A512.眼科医院,其它内资,营利性医疗机构
384,北京国都医院,北京市海淀区北三环中路59号,100088,110108,海淀区,一级,合格,A.医院,A1.综合医院,A100.综合医院,股份合作,营利性医疗机构
385,北京国佳中医医院,北京市海淀区清河嘉园东区4号楼110号,100085,110108,海淀区,一级,未评,A.医院,A2.中医医院,A210.中医（综合）医院,其他,营利性医疗机构
386,北京国瑞中医医院,海淀区阜成路42号6号楼A座,100142,110108,海淀区,一级,未评,A.医院,A2.中医医院,A210.中医（综合）医院,股份合作,营利性医疗机构
387,北京国医中联医院,北京市海淀区四道口路11号,100081,110108,海淀区,一级,未评,A.医院,A1.综合医院,A100.综合医院,其它内资,营利性医疗机构
388,北京海婴妇产医院,北京市海淀区海淀南路36号1层0107、0108、2层,100080,110108,海淀区,二级,未评,A.医院,A5.专科医院,A518.妇产（科）医院,私有,营利性医疗机构
389,北京和平医院,海淀区上地开发区树村后营91号,100193,110108,海淀区,一级,未评,A.医院,A1.综合医院,A100.综合医院,股份合作,营利性医疗机构
390,北京华安中医医院,北京市海淀区车公庄西路26号,100048,110108,海淀区,一级,未评,A.医院,A2.中医医院,A210.中医（综合）医院,股份合作,营利性医疗机构
391,北京黄家医圈中医医院,北京市海淀区车公庄西路38号,100044,110108,海淀区,一级,未评,A.医院,A2.中医医院,A210.中医（综合）医院,其他,营利性医疗机构
392,北京家恩德运医院,北京市海淀区知春路大运村29号11栋,100083,110108,海淀区,一级,合格,A.医院,A1.综合医院,A100.综合医院,股份有限（公司）,营利性医疗机构
393,北京金童中医医院,北京市海淀区阜外亮甲店一号8号楼北楼1、2、3层,100142,110108,海淀区,未评,未评,A.医院,A2.中医医院,A210.中医（综合）医院,股份合作,营利性医疗机构
394,北京京北医院,北京海淀区清河龙岗路6号,100192,110108,海淀区,一级,甲等,A.医院,A1.综合医院,A100.综合医院,股份合作,营利性医疗机构
395,北京京华友好医院,海淀区花园北路乙12号,100191,110108,海淀区,一级,未评,A.医院,A1.综合医院,A100.综合医院,股份有限（公司）,营利性医疗机构
396,北京京民医院,北京市海淀区紫竹院路52号,100044,110108,海淀区,一级,甲等,A.医院,A1.综合医院,A100.综合医院,私有,营利性医疗机构
397,北京军大医院,北京市海淀区西四环北路116号,100097,110108,海淀区,一级,合格,A.医院,A1.综合医院,A100.综合医院,股份合作,营利性医疗机构
398,北京科发源医疗美容医院,北京市海淀区海淀南路13号楼第3层、4层,100000,110108,海淀区,一级,未评,A.医院,A5.专科医院,A529.美容医院,私有,营利性医疗机构
399,北京老年医院,北京市海淀区温泉路118号,100095,110108,海淀区,三级,合格,A.医院,A1.综合医院,A100.综合医院,国有全资,非营利性医疗机构
400,北京六建集团公司医院,北京市海淀区复兴路32号,100039,110108,海淀区,一级,甲等,A.医院,A1.综合医院,A100.综合医院,国有全资,非营利性医疗机构
401,北京马应龙长青肛肠医院,海淀区闵庄路3号17号楼,100195,110108,海淀区,三级,甲等,A.医院,A2.中医医院,A221.肛肠医院,股份合作,营利性医疗机构
402,北京美尔目医院,北京市海淀区复兴路65号-2,100036,110108,海淀区,一级,未评,A.医院,A5.专科医院,A512.眼科医院,股份合作,营利性医疗机构
403,北京名仕医院,北京市海淀区玉泉路70号,100039,110108,海淀区,一级,甲等,A.医院,A1.综合医院,A100.综合医院,私有,营利性医疗机构
404,北京潘中恒中医骨伤科医院,北京市海淀区清河阳光南里32号楼,100085,110108,海淀区,一级,合格,A.医院,A2.中医医院,A222.骨伤医院,股份合作,营利性医疗机构
405,北京清河圣地妇儿医院,北京市海淀区清河，安宁路东侧,100085,110108,海淀区,一级,未评,A.医院,A5.专科医院,A519.儿童医院,股份合作,营利性医疗机构
406,北京润视眼科医院,北京市海淀区新街口大街19号1区3号楼,100875,110108,海淀区,未评,未评,A.医院,A5.专科医院,A512.眼科医院,股份合作,营利性医疗机构
407,北京三诺健恒糖尿病医院,海淀区复兴路甲36号百朗园B座,100039,110108,海淀区,一级,甲等,A.医院,A5.专科医院,A539.其他专科医院,股份合作,营利性医疗机构
408,北京圣爱医院,北京市淀区学清路甲18号六层,100083,110108,海淀区,一级,甲等,A.医院,A1.综合医院,A100.综合医院,股份合作,营利性医疗机构
409,北京圣育中医院,北京海淀区清河南马房路1号,100192,110108,海淀区,一级,合格,A.医院,A2.中医医院,A210.中医（综合）医院,股份合作,营利性医疗机构
410,北京市道培医院,北京市海淀区玉泉路15号,100049,110108,海淀区,二级,未评,A.医院,A5.专科医院,A517.血液病医院,股份合作,非营利性医疗机构
411,北京市海淀区清河医院,北京市海淀区昌平路南段36号,100192,110108,海淀区,一级,未评,A.医院,A1.综合医院,A100.综合医院,其他,非营利性医疗机构
412,北京市海淀区医协医院,北京市海淀区学清路23号院1号楼（汉华世纪大厦四层、一层A107/A108）,100083,110108,海淀区,一级,未评,A.医院,A1.综合医院,A100.综合医院,集体全资,非营利性医疗机构
413,北京市海淀医院,北京市海淀区中关村大街29号,100080,110108,海淀区,三级,未评,A.医院,A1.综合医院,A100.综合医院,国有全资,非营利性医疗机构
414,北京市上地医院,北京市海淀区农大南路树村西街甲6号,100084,110108,海淀区,二级,合格,A.医院,A1.综合医院,A100.综合医院,国有全资,非营利性医疗机构
415,北京市社会福利医院,海淀区清河三街52号,100085,110108,海淀区,二级,甲等,A.医院,A1.综合医院,A100.综合医院,国有全资,非营利性医疗机构
416,北京市羊坊店医院,海淀区羊坊店双贝子坟路1号,100038,110108,海淀区,二级,未评,A.医院,A1.综合医院,A100.综合医院,国有全资,非营利性医疗机构
417,北京市中关村医院,北京市海淀区中关村南路12号,100190,110108,海淀区,二级,甲等,A.医院,A1.综合医院,A100.综合医院,国有全资,非营利性医疗机构
418,北京市中西医结合医院,北京市海淀区永定路东街3号,100039,110108,海淀区,二级,甲等,A.医院,A3.中西医结合医院,A300.中西医结合医院,国有全资,非营利性医疗机构
419,北京水利医院,北京市海淀区玉渊潭南路19号,100036,110108,海淀区,二级,甲等,A.医院,A1.综合医院,A100.综合医院,国有全资,非营利性医疗机构
420,北京顺天德中医医院,海淀区莲花池东路9号,100038,110108,海淀区,一级,合格,A.医院,A2.中医医院,A210.中医（综合）医院,股份有限（公司）,营利性医疗机构
421,北京四季青医院（北京市海淀区四季青镇社区卫生服务中心）,北京市海淀区远大路32号,100097,110108,海淀区,二级,未评,A.医院,A1.综合医院,A100.综合医院,集体全资,非营利性医疗机构
422,北京泰济堂中医医院,北京市海淀区彰化路138号院1号楼一层102A,107000,110108,海淀区,一级,未评,A.医院,A2.中医医院,A210.中医（综合）医院,股份合作,营利性医疗机构
423,北京太和医院,北京市海淀区杏石口路6号,,110108,海淀区,未评,未评,A.医院,A1.综合医院,A100.综合医院,私有,营利性医疗机构
424,北京天健医院,北京市海淀区学院南路48号金辉明光写字楼,100000,110108,海淀区,一级,未评,A.医院,A1.综合医院,A100.综合医院,私有,营利性医疗机构
425,北京天宜乳腺医院,北京市海淀区西四环中路19号,100143,110108,海淀区,未评,未评,A.医院,A5.专科医院,A539.其他专科医院,股份合作,营利性医疗机构
426,北京天昱医院有限公司,北京市海淀区西三旗东路16号,100096,110108,海淀区,一级,合格,A.医院,A1.综合医院,A100.综合医院,联营,营利性医疗机构
427,北京万柳美中宜和妇儿医院,北京市海淀区万柳中路7号,100089,110108,海淀区,二级,未评,A.医院,A5.专科医院,A539.其他专科医院,其它内资,营利性医疗机构
428,北京万寿康医院,海淀区西三环万寿寺甲27号,100081,110108,海淀区,一级,未评,A.医院,A1.综合医院,A100.综合医院,股份合作,营利性医疗机构
429,北京熙仁医院,北京市海淀区静淑东里10号院,100083,110108,海淀区,一级,未评,A.医院,A1.综合医院,A100.综合医院,其它内资,营利性医疗机构
430,北京香山医院,北京市海淀区香山南路红旗村甲3号院17楼,100093,110108,海淀区,一级,甲等,A.医院,A1.综合医院,A100.综合医院,股份合作,营利性医疗机构
431,北京新兴医院,北京市海淀区太平路21号,100039,110108,海淀区,一级,甲等,A.医院,A1.综合医院,A100.综合医院,股份合作,营利性医疗机构
432,北京伊美尔健翔医院,北京市海淀区志新路7号,100083,110108,海淀区,一级,未评,A.医院,A1.综合医院,A100.综合医院,其它内资,营利性医疗机构
433,北京永成魅力医疗美容医院,北京市海淀区西四环北路71号2层,100097,110108,海淀区,未评,未评,A.医院,A5.专科医院,A529.美容医院,其它内资,营利性医疗机构
434,北京优颐口腔医院,北京市海淀区翠微北里11号楼1栋,100036,110108,海淀区,二级,未评,A.医院,A5.专科医院,A511.口腔医院,股份合作,营利性医疗机构
435,北京裕和中西医结合康复医院,,,110108,海淀区,三级,未评,A.医院,A3.中西医结合医院,A300.中西医结合医院,股份有限（公司）,营利性医疗机构
436,北京中大中医医院,北京市海淀区西三环北路68号,100048,110108,海淀区,一级,未评,A.医院,A2.中医医院,A210.中医（综合）医院,其他,营利性医疗机构
437,北京中德毛发移植整形医院,海淀区云会里金雅院4号楼一层102号,100089,110108,海淀区,一级,未评,A.医院,A5.专科医院,A529.美容医院,股份合作,营利性医疗机构
438,北京中仁中医医院,北京市海淀区学院南路一号,100088,110108,海淀区,一级,合格,A.医院,A2.中医医院,A210.中医（综合）医院,股份合作,营利性医疗机构
439,北京肿瘤医院,北京市海淀区阜成路52号,100142,110108,海淀区,三级,甲等,A.医院,A5.专科医院,A514.肿瘤医院,国有全资,非营利性医疗机构
440,北京怡德医院,北京市海淀区昆明湖南路51号E座,100097,110108,海淀区,未评,未评,A.医院,A1.综合医院,A100.综合医院,其它内资,营利性医疗机构
441,北京怡宁医院,北京市海淀区闵庄路9号,100195,110108,海淀区,一级,未评,A.医院,A5.专科医院,A520.精神病医院,私有,营利性医疗机构
442,兵器工业北京北方医院,北京市海淀区车道沟10号,100089,110108,海淀区,一级,未评,A.医院,A1.综合医院,A100.综合医院,国有全资,非营利性医疗机构
443,航天中心医院,北京市海淀区玉泉路15号,100049,110108,海淀区,三级,合格,A.医院,A1.综合医院,A100.综合医院,国有全资,非营利性医疗机构
444,清华大学医院,海淀区清华大学医院,100084,110108,海淀区,二级,未评,A.医院,A1.综合医院,A100.综合医院,国有全资,非营利性医疗机构
445,首都医科大学北京三博脑科医院,北京市海淀区香山一棵松50号,100093,110108,海淀区,一级,未评,A.医院,A5.专科医院,A539.其他专科医院,股份合作,营利性医疗机构
446,首都医科大学附属北京世纪坛医院,北京市海淀区羊坊店铁医路10号,100038,110108,海淀区,三级,甲等,A.医院,A1.综合医院,A100.综合医院,国有全资,非营利性医疗机构
447,中国气象局医院,北京市海淀区中关村南大街46号,100081,110108,海淀区,一级,未评,A.医院,A1.综合医院,A100.综合医院,国有全资,非营利性医疗机构
448,中国铁道建筑总公司北京铁建医院,复兴路40号3918-1201信箱,100039,110108,海淀区,一级,未评,A.医院,A1.综合医院,A100.综合医院,国有全资,非营利性医疗机构
449,中国新兴建设开发总公司北京中兴医院,北京市海淀区太平路44号,100039,110108,海淀区,一级,未评,A.医院,A1.综合医院,A100.综合医院,集体全资,非营利性医疗机构
450,中国中医科学院西苑医院,北京市海淀区西苑操场一号,100091,110108,海淀区,三级,甲等,A.医院,A2.中医医院,A210.中医（综合）医院,国有全资,非营利性医疗机构
451,中直机关医院,国家安全部机关医院,100091,110108,海淀区,一级,甲等,A.医院,A1.综合医院,A100.综合医院,国有全资,非营利性医疗机构
452,北京德坤瑶医医院,北京市门头沟区新桥南大街5号,102300,110109,门头沟区,一级,合格,A.医院,A4.民族医院,A419.其他民族医院,私有,非营利性医疗机构
453,北京京煤集团总医院,北京市门头沟区黑山大街18号,102300,110109,门头沟区,三级,合格,A.医院,A1.综合医院,A100.综合医院,国有全资,非营利性医疗机构
454,北京京煤集团总医院木城涧医院,北京市门头沟区大台地区玉皇庙,102304,110109,门头沟区,一级,甲等,A.医院,A1.综合医院,A100.综合医院,国有全资,非营利性医疗机构
455,北京京煤集团总医院王平医院,北京市门头沟区王平地区河北,102301,110109,门头沟区,一级,甲等,A.医院,A1.综合医院,A100.综合医院,国有全资,非营利性医疗机构
456,北京京门医院,门头沟区滨河路龙泉花园1号楼三单元底商,102300,110109,门头沟区,一级,合格,A.医院,A1.综合医院,A100.综合医院,股份合作,营利性医疗机构
457,北京女医师协会仁圣医院,门头沟区永定镇永兴嘉园小区,102308,110109,门头沟区,一级,合格,A.医院,A1.综合医院,A100.综合医院,其他,非营利性医疗机构
458,北京石龙老年护理院,北京门头沟区石龙北路27号,102308,110109,门头沟区,一级,未评,A.医院,A7.护理院(站),A710.护理院,国有全资,非营利性医疗机构
459,北京市门头沟区龙泉医院,北京市门头沟区门头沟路42号,102300,110109,门头沟区,二级,合格,A.医院,A5.专科医院,A520.精神病医院,国有全资,非营利性医疗机构
460,北京市门头沟区医院,北京市门头沟区河滩桥东街10号,102300,110109,门头沟区,二级,甲等,A.医院,A1.综合医院,A100.综合医院,国有全资,非营利性医疗机构
461,北京市门头沟区斋堂医院（门头沟区斋堂镇社区卫生服务中心）,北京市门头沟区斋堂镇东斋堂村33号,102309,110109,门头沟区,二级,合格,A.医院,A1.综合医院,A100.综合医院,国有全资,非营利性医疗机构
462,北京市门头沟区中医医院,北京市门头沟区新桥南大街3号,102300,110109,门头沟区,二级,甲等,A.医院,A2.中医医院,A210.中医（综合）医院,集体全资,非营利性医疗机构
463,北京玉泉山医院,北京市门头沟区妙峰山镇下苇甸村第五〇六厂（北京东方机电有限公司）院内；北京铁路局三家店党校院内；城子大街55号,102300,110109,门头沟区,一级,合格,A.医院,A1.综合医院,A100.综合医院,国有全资,非营利性医疗机构
464,国家安全生产监督管理总局职业安全卫生研究中心石龙医院,北京市门头沟区石龙北路27号,102308,110109,门头沟区,一级,甲等,A.医院,A1.综合医院,A100.综合医院,国有全资,非营利性医疗机构
465,阿尔博尼（北京）口腔医院,北京市房山区拱辰街道瑞雪春堂小区PT-3号,102400,110111,房山区,未评,未评,A.医院,A5.专科医院,A511.口腔医院,私有,营利性医疗机构
466,北京白云精神病康复医院,北京市房山区长阳镇稻田村,102442,110111,房山区,一级,合格,A.医院,A5.专科医院,A520.精神病医院,股份合作,非营利性医疗机构
467,北京北亚骨科医院,北京市房山区长阳昊天北大街20号,102445,110111,房山区,未评,未评,A.医院,A5.专科医院,A526.骨科医院,股份有限（公司）,营利性医疗机构
468,北京博爱中西医结合医院,北京市房山区城关北大街6号,102400,110111,房山区,一级,合格,A.医院,A3.中西医结合医院,A300.中西医结合医院,集体全资,非营利性医疗机构
469,北京广阳博海医院,北京市房山区长阳镇夏场村1区1号 ,102444,110111,房山区,一级,合格,A.医院,A2.中医医院,A210.中医（综合）医院,其他,营利性医疗机构
470,北京华亚医院,北京市房山区良乡镇月华小区旁,102488,110111,房山区,一级,合格,A.医院,A1.综合医院,A100.综合医院,其它内资,非营利性医疗机构
471,北京汇海中医医院 ,北京市房山区阎村镇前沿村村南 ,102412,110111,房山区,一级,合格,A.医院,A2.中医医院,A210.中医（综合）医院,私有,非营利性医疗机构
472,北京汇林医院,北京汇林医院,102403,110111,房山区,一级,未评,A.医院,A1.综合医院,A100.综合医院,股份合作,非营利性医疗机构
473,北京金海中医医院,北京市房山区张坊镇张坊村,102409,110111,房山区,一级,合格,A.医院,A2.中医医院,A210.中医（综合）医院,私有,非营利性医疗机构
474,北京今康中医医院,北京市房山区良乡月华南大街8号 ,102488,110111,房山区,一级,合格,A.医院,A2.中医医院,A210.中医（综合）医院,集体全资,非营利性医疗机构
475,北京京煤集团总医院长沟峪医院,北京市房山区周口店镇山口村,102451,110111,房山区,一级,甲等,A.医院,A1.综合医院,A100.综合医院,国有全资,非营利性医疗机构
476,北京京煤集团总医院大安山医院,北京市房山区大安山乡元港村,102419,110111,房山区,一级,甲等,A.医院,A1.综合医院,A100.综合医院,国有全资,非营利性医疗机构
477,北京京煤集团总医院万佛堂医院,房山区河北镇万佛堂村,102415,110111,房山区,一级,甲等,A.医院,A1.综合医院,A100.综合医院,国有全资,非营利性医疗机构
478,北京琉璃河水泥厂医院,北京市房山区琉璃河火车站前街道10号以南9,102403,110111,房山区,一级,甲等,A.医院,A1.综合医院,A100.综合医院,集体全资,非营利性医疗机构
479,北京六合百草中医医院,北京市房山区青龙湖镇沙窝村164号,102471,110111,房山区,未评,未评,A.医院,A2.中医医院,A210.中医（综合）医院,私有,非营利性医疗机构
480,北京仁德医院,房山区良乡昊天大街91号,102400,110111,房山区,一级,未评,A.医院,A1.综合医院,A100.综合医院,集体全资,非营利性医疗机构
481,北京市房山区第一医院,北京市房山区房窑路6号,102400,110111,房山区,二级,甲等,A.医院,A1.综合医院,A100.综合医院,国有全资,非营利性医疗机构
482,北京市房山区精神病医院,北京市房山区周口店大街8号,102405,110111,房山区,一级,甲等,A.医院,A5.专科医院,A520.精神病医院,国有全资,非营利性医疗机构
483,北京市房山区老年病医院,北京市房山区良乡镇长虹西路51号 ,102488,110111,房山区,一级,合格,A.医院,A1.综合医院,A100.综合医院,国有全资,非营利性医疗机构
484,北京市房山区良乡医院,北京市房山区良乡医院拱辰大街45号,102401,110111,房山区,三级,未评,A.医院,A1.综合医院,A100.综合医院,国有全资,非营利性医疗机构
485,北京市房山区鹏园医院,北京市房山区良乡镇东羊庄 ,102401,110111,房山区,一级,合格,A.医院,A2.中医医院,A210.中医（综合）医院,其他,非营利性医疗机构
486,北京市房山区燕山医院,房山区燕山燕房路50号,102500,110111,房山区,一级,甲等,A.医院,A1.综合医院,A100.综合医院,国有全资,非营利性医疗机构
487,北京市房山区中医医院,北京市房山区城关南大街151号,102400,110111,房山区,三级,甲等,A.医院,A2.中医医院,A210.中医（综合）医院,集体全资,非营利性医疗机构
488,北京市房山区中医医院东岭分院,北京市房山区燕山东风街道羊耳峪北里6号楼西侧,102400,110111,房山区,一级,未评,A.医院,A2.中医医院,A229.其它中医专科医院,国有全资,非营利性医疗机构
489,北京市房山区中医医院康复医院,北京市房山区良乡月华北大街甲30号,102400,110111,房山区,一级,未评,A.医院,A5.专科医院,A527.康复医院,国有全资,非营利性医疗机构
490,北京同济东方中西医结合医院,北京市房山区阎村镇大紫草坞村,102412,110111,房山区,二级,甲等,A.医院,A3.中西医结合医院,A300.中西医结合医院,其他,非营利性医疗机构
491,北京燕化医院,北京市房山区迎风街15号,102500,110111,房山区,三级,合格,A.医院,A1.综合医院,A100.综合医院,其他,非营利性医疗机构
492,北京张锁中医骨伤医院,北京市房山区窦店镇窦店村京南嘉园底商105号 ,102433,110111,房山区,一级,未评,A.医院,A2.中医医院,A222.骨伤医院,私有,非营利性医疗机构
493,北京中科西苑医院,北京市房山区长阳镇昊天北大街48号,102488,110111,房山区,一级,未评,A.医院,A2.中医医院,A210.中医（综合）医院,私有,营利性医疗机构
494,北京中能建医院,北京市房山区良乡体育场路1号,102401,110111,房山区,一级,甲等,A.医院,A1.综合医院,A100.综合医院,国有全资,非营利性医疗机构
495,北京中研中医院,北京市房山区良乡地区玉竹园一里畅龙苑1号商业楼 ,102401,110111,房山区,一级,未评,A.医院,A3.中西医结合医院,A300.中西医结合医院,股份合作,营利性医疗机构
496,中国核工业北京四0一医院,北京市房山区新镇中国核工业北京四0一医院,102413,110111,房山区,二级,合格,A.医院,A1.综合医院,A100.综合医院,国有全资,非营利性医疗机构
497,中国铁道建筑总公司房山桥梁厂职工医院,北京市房山区阎村镇大件路1-7号,102400,110111,房山区,一级,甲等,A.医院,A1.综合医院,A100.综合医院,国有全资,非营利性医疗机构
498,中煤北京煤矿机械有限责任公司职工医院,北京市房山区城关街道矿机南路,102400,110111,房山区,一级,甲等,A.医院,A1.综合医院,A100.综合医院,国有全资,非营利性医疗机构
499,北京安娜贝儿妇产医院,北京市通州区工业开发区光华路15号,101113,110112,通州区,二级,未评,A.医院,A5.专科医院,A518.妇产（科）医院,其他,营利性医疗机构
500,北京安琪妇产医院,北京市通州区云景南大街104号,101101,110112,通州区,二级,合格,A.医院,A5.专科医院,A518.妇产（科）医院,其他,营利性医疗机构
501,北京北方红旗机电有限公司医院,北京市通州区佟麟阁大街9号,101149,110112,通州区,一级,甲等,A.医院,A1.综合医院,A100.综合医院,国有全资,非营利性医疗机构
502,北京鼎实互信医院投资管理有限公司通州医院,北京市通州区潞苑南大街185号11号楼1-2层商15-18号,101101,110112,通州区,一级,未评,A.医院,A5.专科医院,A519.儿童医院,私有,营利性医疗机构
503,北京东辰医院,通州区新华大街67号,101100,110112,通州区,一级,甲等,A.医院,A1.综合医院,A100.综合医院,股份合作,营利性医疗机构
504,北京京大医院,北京市通州区北苑南路16号,101100,110112,通州区,一级,未评,A.医院,A1.综合医院,A100.综合医院,私有,营利性医疗机构
505,北京京通医院,北京市通州区玉带河大街4号,101100,110112,通州区,一级,未评,A.医院,A1.综合医院,A100.综合医院,其它内资,非营利性医疗机构
506,北京马驹桥中医医院,北京市通州区马驹桥镇新海东路11号楼102、13号楼102,101100,110112,通州区,一级,未评,A.医院,A2.中医医院,A210.中医（综合）医院,私有,非营利性医疗机构
507,北京市通州区精神病医院,通州区宋庄镇北,101118,110112,通州区,一级,甲等,A.医院,A5.专科医院,A520.精神病医院,国有全资,非营利性医疗机构
508,北京市通州区老年病医院,北京市通州区永顺东街152号,101100,110112,通州区,二级,未评,A.医院,A7.护理院(站),A710.护理院,国有全资,非营利性医疗机构
509,北京市通州区新华医院,北京市通州区新华大街 47号,101100,110112,通州区,二级,未评,A.医院,A1.综合医院,A100.综合医院,国有全资,非营利性医疗机构
510,北京市通州区中西医结合医院,北京市通州区车站路89号,101100,110112,通州区,二级,甲等,A.医院,A3.中西医结合医院,A300.中西医结合医院,国有全资,非营利性医疗机构
511,北京通州通朝路中医医院,北京市通州区通朝大街怡乐园一区120号楼,101100,110112,通州区,一级,未评,A.医院,A2.中医医院,A210.中医（综合）医院,私有,非营利性医疗机构
512,北京通州运通中医医院,北京市通州区张家湾工业园区69号,101111,110112,通州区,一级,未评,A.医院,A2.中医医院,A210.中医（综合）医院,私有,非营利性医疗机构
513,北京先和妇产医院,北京市通州区九棵树中路998号,101100,110112,通州区,二级,未评,A.医院,A5.专科医院,A518.妇产（科）医院,私有,营利性医疗机构
514,北京运河中医医院,北京市通州区运河西大街17号,101101,110112,通州区,一级,未评,A.医院,A1.综合医院,A100.综合医院,股份合作,非营利性医疗机构
515,北京中医药大学东直门医院东区,北京市通州区翠屏西路116号,101100,110112,通州区,三级,甲等,A.医院,A2.中医医院,A210.中医（综合）医院,国有全资,非营利性医疗机构
516,北京泗河中医医院,北京市通州区玉带河大街151、152号,101100,110112,通州区,一级,合格,A.医院,A2.中医医院,A210.中医（综合）医院,私有,营利性医疗机构
517,核工业北京化工冶金研究院职工医院,北京市通州区云景北里146号,101149,110112,通州区,一级,甲等,A.医院,A1.综合医院,A100.综合医院,国有全资,非营利性医疗机构
518,首都医科大学附属北京潞河医院,北京市通州区新华南路82号/北京市通州区翠屏西路43-45号,101149,110112,通州区,三级,未评,A.医院,A1.综合医院,A100.综合医院,国有全资,非营利性医疗机构
519,首都医科大学附属北京胸科医院,北京市通州区马厂 97号,101149,110112,通州区,三级,甲等,A.医院,A5.专科医院,A516.胸科医院,国有全资,非营利性医疗机构
520,北京方舟皮肤病医院,北京市顺义区裕东路3号院,101318,110113,顺义区,三级,未评,A.医院,A5.专科医院,A522.皮肤病医院,私有,营利性医疗机构
521,北京翰洁吉源医院,北京市顺义区天竺空港经济开发B区裕东路3号15幢2层至4层,101300,110113,顺义区,未评,未评,A.医院,A1.综合医院,A100.综合医院,私有,营利性医疗机构
522,北京京顺医院,北京市顺义区府前西街铁路西,101300,110113,顺义区,未评,未评,A.医院,A1.综合医院,A100.综合医院,私有,非营利性医疗机构
523,北京世源国泰医院,北京市顺义区后沙峪镇枯柳树村环岛北1000米（北京新兴思达国际物流公司院内）,101300,110113,顺义区,一级,合格,A.医院,A1.综合医院,A100.综合医院,其它内资,营利性医疗机构
524,北京市安康医院,顺义区南彩镇滨河路俸伯段4号,101300,110113,顺义区,三级,未评,A.医院,A5.专科医院,A520.精神病医院,国有全资,非营利性医疗机构
525,北京市顺义区传染病医院,北京市顺义区张镇侯庄村,101307,110113,顺义区,一级,乙等,A.医院,A5.专科医院,A521.传染病医院,国有全资,非营利性医疗机构
526,北京市顺义区法医院,北京市顺义区法医街3号,101300,110113,顺义区,一级,未评,A.医院,A5.专科医院,A539.其他专科医院,国有全资,非营利性医疗机构
527,北京市顺义区精神病医院,北京市顺义区杨镇小学东,101309,110113,顺义区,一级,甲等,A.医院,A5.专科医院,A520.精神病医院,国有全资,非营利性医疗机构
528,北京市顺义区空港医院,北京市顺义区后沙峪地区双裕街49号,101318,110113,顺义区,二级,未评,A.医院,A1.综合医院,A100.综合医院,集体全资,非营利性医疗机构
529,北京市顺义区医院,北京市顺义区光明南街3号,101300,110113,顺义区,三级,未评,A.医院,A1.综合医院,A100.综合医院,国有全资,非营利性医疗机构
530,北京市顺义区中医医院,北京市顺义区站前东街5号,101300,110113,顺义区,三级,甲等,A.医院,A2.中医医院,A210.中医（综合）医院,国有全资,非营利性医疗机构
531,北京首儿李桥儿童医院,北京市顺义区李桥镇李天路李桥段5号,101304,110113,顺义区,未评,未评,A.医院,A5.专科医院,A519.儿童医院,股份合作,营利性医疗机构
532,北京顺欣阳光医院,北京市顺义东方太阳城万晴园104楼,101300,110113,顺义区,一级,甲等,A.医院,A1.综合医院,A100.综合医院,其它内资,非营利性医疗机构
533,北京杏园金方国医医院,北京顺义区京密路后沙峪段5号,101300,110113,顺义区,一级,未评,A.医院,A2.中医医院,A210.中医（综合）医院,私有,营利性医疗机构
534,北京安达医院,北京市昌平区回龙观龙腾苑三区16号楼,102208,110114,昌平区,一级,合格,A.医院,A1.综合医院,A100.综合医院,私有,非营利性医疗机构
535,北京保法肿瘤医院,北京市昌平区沙河王庄工业园东50米,102206,110114,昌平区,二级,未评,A.医院,A5.专科医院,A514.肿瘤医院,其他,非营利性医疗机构
536,北京保温瓶工业公司职工医院,北京市昌平区南口镇交通街1号,102200,110114,昌平区,一级,合格,A.医院,A1.综合医院,A100.综合医院,集体全资,非营利性医疗机构
537,北京北大医疗康复医院,北京市昌平区回龙观中关村生命科学园生命园路8号院7号楼及辅楼三至六层,,110114,昌平区,三级,未评,A.医院,A5.专科医院,A527.康复医院,其它内资,营利性医疗机构
538,北京昌平北医科开医学研究所友好医院,北京市昌平区天通苑北一区甲1号-1至2层101.102,102218,110114,昌平区,一级,合格,A.医院,A1.综合医院,A100.综合医院,股份合作,非营利性医疗机构
539,北京昌平博华京康医院,北京市昌平区沙河镇松兰堡村西昌职路1号,102218,110114,昌平区,一级,合格,A.医院,A1.综合医院,A100.综合医院,股份合作,非营利性医疗机构
540,北京昌平京城博爱医院,北京昌平一中西侧综合楼,102200,110114,昌平区,一级,合格,A.医院,A1.综合医院,A100.综合医院,股份合作,非营利性医疗机构
541,北京昌平区光明骨伤医院,昌平区南大街永安巷（机关幼儿园西侧）,102200,110114,昌平区,一级,合格,A.医院,A2.中医医院,A222.骨伤医院,私有,非营利性医疗机构
542,北京昌平区龙华医院,北京市昌平区回龙观龙冠大厦北侧,102208,110114,昌平区,一级,合格,A.医院,A1.综合医院,A100.综合医院,私有,非营利性医疗机构
543,北京昌平区天通仁和医院,北京市昌平区天通苑东一区33-13、33-14,102218,110114,昌平区,一级,合格,A.医院,A1.综合医院,A100.综合医院,私有,非营利性医疗机构
544,北京昌平圣济骨伤医院,北京市昌平区沙河镇踩河新村513号,102206,110114,昌平区,一级,合格,A.医院,A2.中医医院,A222.骨伤医院,私有,非营利性医疗机构
545,北京昌平政和中医医院,北京市昌平区昌金路6号,102200,110114,昌平区,一级,合格,A.医院,A2.中医医院,A210.中医（综合）医院,私有,非营利性医疗机构
546,北京长城中医医院,北京市昌平区回龙观风雅园二区3号楼,102208,110114,昌平区,一级,合格,A.医院,A2.中医医院,A210.中医（综合）医院,私有,营利性医疗机构
547,北京城北龙城医院,北京市昌平区回龙观镇金榜园小区酒楼,102200,110114,昌平区,一级,合格,A.医院,A1.综合医院,A100.综合医院,私有,营利性医疗机构
548,北京大卫中医医院,北京市昌平区沙河镇满井村,102206,110114,昌平区,二级,乙等,A.医院,A2.中医医院,A210.中医（综合）医院,其他,非营利性医疗机构
549,北京大学国际医院,北京市昌平区中关村生命科学园,102206,110114,昌平区,三级,未评,A.医院,A1.综合医院,A100.综合医院,其它内资,非营利性医疗机构
550,北京德宝医院,北京市昌平区北清路2号37号楼主楼,102206,110114,昌平区,一级,合格,A.医院,A1.综合医院,A100.综合医院,私有,营利性医疗机构
551,北京广慈医院,北京市昌平区东小口镇天通苑东三区48号楼-2-3号,102218,110114,昌平区,一级,合格,A.医院,A1.综合医院,A100.综合医院,私有,非营利性医疗机构
552,北京国医堂中医医院,北京市昌平区天通苑东一区59、60号楼,102218,110114,昌平区,一级,合格,A.医院,A2.中医医院,A210.中医（综合）医院,私有,非营利性医疗机构
553,北京汉章针刀医院,北京市昌平区天通苑西三区26号楼16门,102206,110114,昌平区,一级,合格,A.医院,A5.专科医院,A539.其他专科医院,私有,营利性医疗机构
554,北京侯丽萍风湿病中医医院,北京市昌平科技园区振兴路8号,102200,110114,昌平区,二级,甲等,A.医院,A2.中医医院,A229.其它中医专科医院,股份合作,营利性医疗机构
555,北京环球实业股份有限公司中医医院,北京市昌平区东小口镇中滩村6号合立方5-3-108,102218,110114,昌平区,一级,合格,A.医院,A2.中医医院,A210.中医（综合）医院,私有,非营利性医疗机构
556,北京皇城股骨头坏死专科医院,北京市昌平区西关路27号,102200,110114,昌平区,二级,合格,A.医院,A2.中医医院,A229.其它中医专科医院,股份合作,非营利性医疗机构
557,北京回龙观医院,北京市昌平区回龙观镇,100096,110114,昌平区,三级,甲等,A.医院,A5.专科医院,A520.精神病医院,国有全资,非营利性医疗机构
558,北京汇海医院,昌平区天通苑东三区2号楼,102218,110114,昌平区,一级,合格,A.医院,A1.综合医院,A100.综合医院,私有,营利性医疗机构
559,北京京都儿童医院,北京市昌平区回龙观东大街308号,102208,110114,昌平区,三级,未评,A.医院,A5.专科医院,A519.儿童医院,股份有限（公司）,营利性医疗机构
560,北京九华温榆河医院,北京市昌平区小汤山镇马坊村温榆河旁,102211,110114,昌平区,一级,合格,A.医院,A1.综合医院,A100.综合医院,私有,营利性医疗机构
561,北京九华医院,昌平区小汤山镇葫芦河村北,102211,110114,昌平区,一级,合格,A.医院,A1.综合医院,A100.综合医院,私有,营利性医疗机构
562,北京九洲医院,北京市昌平区东关高罄苑13号楼,102200,110114,昌平区,一级,合格,A.医院,A1.综合医院,A100.综合医院,股份合作,营利性医疗机构
563,北京六合医院,北京市昌平区天通苑东一区33号楼,102218,110114,昌平区,一级,合格,A.医院,A1.综合医院,A100.综合医院,私有,非营利性医疗机构
564,北京龙禧医院,北京市昌平区回龙观文化居住区龙禧三街及七北路平西府村西,102208,110114,昌平区,一级,合格,A.医院,A1.综合医院,A100.综合医院,私有,非营利性医疗机构
565,北京民康医院,北京市昌平区沙河镇,102206,110114,昌平区,二级,甲等,A.医院,A5.专科医院,A520.精神病医院,国有全资,非营利性医疗机构
566,北京农学院校医院,北京德胜门外朱辛庄北农路7号,102206,110114,昌平区,一级,合格,A.医院,A1.综合医院,A100.综合医院,国有全资,非营利性医疗机构
567,北京清华长庚医院,北京市昌平区立汤路168号,102218,110114,昌平区,三级,未评,A.医院,A1.综合医院,A100.综合医院,国有全资,非营利性医疗机构
568,北京上善医院,北京市昌平区东小口镇中滩村东4号,102211,110114,昌平区,一级,合格,A.医院,A1.综合医院,A100.综合医院,私有,非营利性医疗机构
569,北京神康康复医院,北京市昌平区沙河镇满井西村昌平路100号,102206,110114,昌平区,一级,合格,A.医院,A5.专科医院,A527.康复医院,其他,营利性医疗机构
570,北京市昌平区北城中医医院,北京市昌平区回龙观文华东路龙跃苑一区F0335（18号楼）1—3号,102208,110114,昌平区,一级,合格,A.医院,A2.中医医院,A210.中医（综合）医院,其他,非营利性医疗机构
571,北京市昌平区博仁医院,北京市昌平区水屯商业街2号楼,102200,110114,昌平区,一级,合格,A.医院,A1.综合医院,A100.综合医院,私有,非营利性医疗机构
572,北京市昌平区汇仁医院,北京市昌平区东小口镇天通苑1310号,102218,110114,昌平区,一级,甲等,A.医院,A1.综合医院,A100.综合医院,私有,非营利性医疗机构
573,北京市昌平区京北新世纪妇科医院,北京市昌平区永安路18-4、18-5号,102200,110114,昌平区,一级,合格,A.医院,A5.专科医院,A539.其他专科医院,私有,非营利性医疗机构
574,北京市昌平区精神卫生保健院,北京市昌平区沙河镇豆各庄1号,102206,110114,昌平区,二级,合格,A.医院,A5.专科医院,A520.精神病医院,国有全资,非营利性医疗机构
575,北京市昌平区南口铁路医院,北京市昌平区南口镇新兴路8号,102202,110114,昌平区,二级,合格,A.医院,A1.综合医院,A100.综合医院,国有全资,非营利性医疗机构
576,北京市昌平区南口医院,北京市昌平区南口镇南辛路2号,102202,110114,昌平区,二级,合格,A.医院,A1.综合医院,A100.综合医院,国有全资,非营利性医疗机构
577,北京市昌平区沙河医院,北京市昌平区巩华镇扶京街22号,102206,110114,昌平区,二级,合格,A.医院,A1.综合医院,A100.综合医院,国有全资,非营利性医疗机构
578,北京市昌平区沙河中西医结合医院,北京市昌平区沙河镇巩华城大街42号,102206,110114,昌平区,一级,合格,A.医院,A3.中西医结合医院,A300.中西医结合医院,私有,非营利性医疗机构
579,北京市昌平区天通苑中医医院,北京市昌平区天通苑东一区9号楼,102218,110114,昌平区,二级,甲等,A.医院,A2.中医医院,A229.其它中医专科医院,集体全资,非营利性医疗机构
580,北京市昌平区医院,北京市昌平区鼓楼北街9号,102200,110114,昌平区,三级,合格,A.医院,A1.综合医院,A100.综合医院,国有全资,非营利性医疗机构
581,北京市昌平区益明医院,北京市昌平区沙河镇满井北路31号,102206,110114,昌平区,一级,合格,A.医院,A5.专科医院,A539.其他专科医院,集体全资,非营利性医疗机构
582,北京市昌平区中西医结合医院,北京市昌平区东小口镇霍营村黄平路219号,102208,110114,昌平区,三级,甲等,A.医院,A3.中西医结合医院,A300.中西医结合医院,国有全资,非营利性医疗机构
583,北京市昌平区中医医院,北京市昌平区城区东环路南段、北京市昌平区星火街9号,102200,110114,昌平区,三级,甲等,A.医院,A2.中医医院,A210.中医（综合）医院,国有全资,非营利性医疗机构
584,北京市昌平区中医医院鼓楼分院,昌平区城北六街献陵卫胡同16号,102200,110114,昌平区,一级,合格,A.医院,A2.中医医院,A210.中医（综合）医院,国有全资,非营利性医疗机构
585,北京市昌平区中医医院天通苑分院,北京昌平东小口天通苑西一区25号楼,102218,110114,昌平区,一级,合格,A.医院,A2.中医医院,A210.中医（综合）医院,国有全资,非营利性医疗机构
586,北京市第二社会福利院附属医院,北京市昌平区北七家镇曹八西路26号,102209,110114,昌平区,一级,合格,A.医院,A1.综合医院,A100.综合医院,国有全资,非营利性医疗机构
587,北京市南口农场职工医院,北京市昌平区南口镇南口农场内,102202,110114,昌平区,一级,合格,A.医院,A1.综合医院,A100.综合医院,国有全资,非营利性医疗机构
588,北京市平板玻璃工业公司职工医院,北京市昌平区南口镇南大街6号,102202,110114,昌平区,一级,合格,A.医院,A1.综合医院,A100.综合医院,集体全资,非营利性医疗机构
589,北京市亚太中医骨科医院,北京市昌平区天通苑北二区甲13号楼1-101室,102218,110114,昌平区,一级,甲等,A.医院,A2.中医医院,A229.其它中医专科医院,股份合作,营利性医疗机构
590,北京首钢股份有限公司第一线材厂昌平职工医院,昌平区沙河镇沙阳路24号,102206,110114,昌平区,一级,合格,A.医院,A1.综合医院,A100.综合医院,国有全资,非营利性医疗机构
591,北京太申祥和中医医院,北京太申祥和山庄(国际敬老院),102206,110114,昌平区,一级,合格,A.医院,A2.中医医院,A210.中医（综合）医院,私有,非营利性医疗机构
592,北京太阳城医院,北京市昌平区立汤路30号,102209,110114,昌平区,一级,合格,A.医院,A1.综合医院,A100.综合医院,私有,非营利性医疗机构
593,北京天苑医院,北京市天通苑东三区56楼,102218,110114,昌平区,一级,合格,A.医院,A1.综合医院,A100.综合医院,私有,非营利性医疗机构
594,北京王府中西医结合医院,北京市昌平区北七家镇王府街1号,102209,110114,昌平区,三级,甲等,A.医院,A3.中西医结合医院,A300.中西医结合医院,其他,非营利性医疗机构
595,北京小汤山医院,北京市昌平区小汤山镇,102211,110114,昌平区,三级,合格,A.医院,A1.综合医院,A100.综合医院,国有全资,非营利性医疗机构
596,北京新宇医院,北京市昌平区平西府大街43号,102209,110114,昌平区,一级,合格,A.医院,A1.综合医院,A100.综合医院,股份合作,营利性医疗机构
597,北京亚美医院,北京市昌平区天通苑五区配套商业楼西二区19-4-102-5-101,102218,110114,昌平区,一级,合格,A.医院,A1.综合医院,A100.综合医院,股份合作,非营利性医疗机构
598,北京银河口腔医院,北京市昌平区回南路九号院41号楼,102208,110114,昌平区,二级,合格,A.医院,A5.专科医院,A511.口腔医院,其他,营利性医疗机构
599,北京中联燕龙医院,北京市昌平区西关三角地综合楼12号,102200,110114,昌平区,一级,合格,A.医院,A1.综合医院,A100.综合医院,股份合作,营利性医疗机构
600,北京睿养中医医院,北京市昌平区回龙观镇良庄街4号楼03/04,102208,110114,昌平区,一级,未评,A.医院,A2.中医医院,A210.中医（综合）医院,其他,营利性医疗机构
601,公安部秦城监狱医院,北京市昌平区秦城一号,102212,110114,昌平区,一级,合格,A.医院,A1.综合医院,A100.综合医院,国有全资,非营利性医疗机构
602,华北电力大学医院,北京市昌平区回龙观镇朱辛庄,102206,110114,昌平区,一级,合格,A.医院,A1.综合医院,A100.综合医院,国有全资,非营利性医疗机构
603,中国石油大学(北京)医院,北京市昌平区府学路18号院内,102200,110114,昌平区,一级,合格,A.医院,A1.综合医院,A100.综合医院,国有全资,非营利性医疗机构
604,中国政法大学校医院,昌平区府学路27号,102249,110114,昌平区,一级,合格,A.医院,A1.综合医院,A100.综合医院,国有全资,非营利性医疗机构
605,北京爱育华妇儿医院,北京经济技术开发区去景园南街2号,100176,110115,大兴区,三级,未评,A.医院,A5.专科医院,A539.其他专科医院,其他,营利性医疗机构
606,北京澳美佳妇科医院,大兴区黄村镇双河南里甲15-11,102600,110115,大兴区,一级,未评,A.医院,A5.专科医院,A539.其他专科医院,股份合作,营利性医疗机构
607,北京大兴兴和骨伤医院,北京市大兴区黄村镇孙村开发区横三路西侧,102600,110115,大兴区,一级,未评,A.医院,A5.专科医院,A539.其他专科医院,集体全资,非营利性医疗机构
608,北京大兴兴业口腔医院,北京市大兴区枣园北里10号,102600,110115,大兴区,二级,未评,A.医院,A5.专科医院,A511.口腔医院,其它内资,非营利性医疗机构
609,北京东方杰码医院,北京市大兴区魏善庄镇魏善庄村委会西北1500米,102611,110115,大兴区,一级,未评,A.医院,A1.综合医院,A100.综合医院,股份合作,营利性医疗机构
610,北京东方康美妇科医院,北京市大兴区旧宫镇南场东街1号院12号楼,100076,110115,大兴区,一级,未评,A.医院,A5.专科医院,A539.其他专科医院,股份合作,营利性医疗机构
611,北京高科医院,北京经济技术开发区经海二路6号1号楼,100076,110115,大兴区,一级,未评,A.医院,A1.综合医院,A100.综合医院,股份合作,营利性医疗机构
612,北京华大肾安医院,北京市大兴区西红门镇大生庄村西,100076,110115,大兴区,一级,未评,A.医院,A1.综合医院,A100.综合医院,私有,营利性医疗机构
613,北京京兴博爱医院,北京市大兴区西红门镇宏福东路11号,100076,110115,大兴区,一级,未评,A.医院,A1.综合医院,A100.综合医院,私有,营利性医疗机构
614,北京军海医院,北京市大兴区北京经济技术开发区经海三路3号1幢,100076,110115,大兴区,一级,未评,A.医院,A1.综合医院,A100.综合医院,私有,营利性医疗机构
615,北京军联骨科医院,北京市大兴区旧宫镇成寿寺路南口路东,100076,110115,大兴区,一级,未评,A.医院,A5.专科医院,A526.骨科医院,其它内资,营利性医疗机构
616,北京南郊肿瘤医院,北京市大兴区西红门镇育才路2号,100076,110115,大兴区,二级,未评,A.医院,A5.专科医院,A514.肿瘤医院,私有,营利性医疗机构
617,北京普祥中医肿瘤医院,北京市大兴区亦庄镇成寿寺路2号,100176,110115,大兴区,二级,未评,A.医院,A5.专科医院,A514.肿瘤医院,其他,营利性医疗机构
618,北京市大兴区福泰中医医院,北京市大兴区黄村镇新安里S1号楼,102600,110115,大兴区,一级,未评,A.医院,A2.中医医院,A210.中医（综合）医院,其它内资,非营利性医疗机构
619,北京市大兴区红星医院,北京市大兴区瀛海镇忠兴南路3号,100076,110115,大兴区,二级,未评,A.医院,A1.综合医院,A100.综合医院,国有全资,非营利性医疗机构
620,北京市大兴区京军医院,北京市大兴区黄村镇前高米店村1幢等5幢,102600,110115,大兴区,一级,未评,A.医院,A1.综合医院,A100.综合医院,其他,非营利性医疗机构
621,北京市大兴区精神病医院,北京市大兴区黄村镇黄良路东口北侧,102600,110115,大兴区,二级,甲等,A.医院,A5.专科医院,A520.精神病医院,国有全资,非营利性医疗机构
622,北京市大兴区精神疾病农疗康复中心,北京市大兴区礼贤镇大辛庄,102602,110115,大兴区,一级,未评,A.医院,A5.专科医院,A539.其他专科医院,国有全资,非营利性医疗机构
623,北京市大兴区康家乐老年病医院,北京市大兴区礼贤镇礼贤路60号,102604,110115,大兴区,一级,未评,A.医院,A5.专科医院,A539.其他专科医院,其他,非营利性医疗机构
624,北京市大兴区老年病院,北京市大兴区礼贤镇大辛庄,102600,110115,大兴区,二级,未评,A.医院,A5.专科医院,A539.其他专科医院,国有全资,非营利性医疗机构
625,北京市大兴区人民医院,大兴区黄村西大街26号、大兴区黄村西大街27号,102600,110115,大兴区,三级,未评,A.医院,A1.综合医院,A100.综合医院,国有全资,非营利性医疗机构
626,北京市大兴区祥医中健医院,北京市大兴区黄村镇兴丰大街89号,102600,110115,大兴区,一级,合格,A.医院,A1.综合医院,A100.综合医院,其他,非营利性医疗机构
627,北京市大兴区御林护理院,北京市大兴区安定镇后野场村,102607,110115,大兴区,一级,未评,A.医院,A7.护理院(站),A710.护理院,私有,非营利性医疗机构
628,北京市监狱医院,北京市大兴区团河路南大楼,102600,110115,大兴区,一级,合格,A.医院,A1.综合医院,A100.综合医院,国有全资,非营利性医疗机构
629,北京市健邦医院投资有限责任公司友爱医院,北京市大兴区海子角村海北路38号,102600,110115,大兴区,一级,未评,A.医院,A1.综合医院,A100.综合医院,股份合作,营利性医疗机构
630,北京市利康医院,北京市大兴区魏永路9号、北京市大兴区团河路33号,102609,110115,大兴区,一级,合格,A.医院,A1.综合医院,A100.综合医院,国有全资,非营利性医疗机构
631,北京市仁和医院,北京市大兴区兴丰大街一号,102600,110115,大兴区,二级,甲等,A.医院,A1.综合医院,A100.综合医院,其他,非营利性医疗机构
632,北京桐君中医院,北京市大兴区黄村镇刘村通黄路12号,102600,110115,大兴区,一级,未评,A.医院,A2.中医医院,A210.中医（综合）医院,其它内资,营利性医疗机构
633,北京同安骨科医院,北京市大兴区西红门镇星光巷4号,100076,110115,大兴区,一级,未评,A.医院,A5.专科医院,A526.骨科医院,股份合作,营利性医疗机构
634,北京万邦和谐医院,北京市大兴区黄村镇纬四路北狼各庄村西,102600,110115,大兴区,一级,未评,A.医院,A1.综合医院,A100.综合医院,股份合作,营利性医疗机构
635,北京万博脑康中医医院,北京市大兴区西红门镇金星路东5号,100076,110115,大兴区,一级,未评,A.医院,A2.中医医院,A210.中医（综合）医院,私有,营利性医疗机构
636,北京万明医院,北京市大兴区西红门镇西红门北路红华大院,100076,110115,大兴区,一级,未评,A.医院,A5.专科医院,A539.其他专科医院,私有,营利性医疗机构
637,北京阳光博爱医院,北京市大兴区旧宫镇南小街13号,100076,110115,大兴区,一级,未评,A.医院,A1.综合医院,A100.综合医院,股份合作,营利性医疗机构
638,北京阳光新城医院,北京市经济技术开发区同济中路甲7号（108号）,100076,110115,大兴区,一级,未评,A.医院,A1.综合医院,A100.综合医院,私有,营利性医疗机构
639,北京永林医院,北京大兴区黄村镇狼垡四村、北京市大兴区旧宫镇旧忠路9号,102600,110115,大兴区,一级,未评,A.医院,A1.综合医院,A100.综合医院,其它内资,营利性医疗机构
640,北京育龙和谐医院,北京市大兴区旧宫镇旧忠路西五条一号,100076,110115,大兴区,一级,未评,A.医院,A1.综合医院,A100.综合医院,私有,营利性医疗机构
641,北京振国中西医结合肿瘤医院,北京亦庄经济技术开发区西环南路6号,100176,110115,大兴区,一级,未评,A.医院,A3.中西医结合医院,A300.中西医结合医院,私有,营利性医疗机构
642,北京中环肛肠医院,北京市大兴区黄村镇双河南里甲15号楼1-3,102600,110115,大兴区,一级,未评,A.医院,A1.综合医院,A100.综合医院,股份合作,营利性医疗机构
643,北京中科华北中医医院,北京市大兴区旧宫镇三台山路南临十八号院,100076,110115,大兴区,一级,未评,A.医院,A2.中医医院,A210.中医（综合）医院,股份合作,营利性医疗机构
644,大兴区长子营镇留民营医院,大兴区长子营镇留民营生态农场,102605,110115,大兴区,未评,未评,A.医院,A1.综合医院,A100.综合医院,集体全资,非营利性医疗机构
645,国家康复辅具研究中心附属康复医院,北京经济技术开发区荣华中路一号,100076,110115,大兴区,二级,未评,A.医院,A5.专科医院,A527.康复医院,国有全资,非营利性医疗机构
646,中国中医科学院广安门医院南区,大兴区黄村镇兴丰北大街（二段）138号,102618,110115,大兴区,三级,甲等,A.医院,A2.中医医院,A210.中医（综合）医院,国有全资,非营利性医疗机构
647,北京奥瑞华康儿童医院,北京市怀柔区兴怀大街丙14号 ,101400,110116,怀柔区,未评,未评,A.医院,A5.专科医院,A519.儿童医院,私有,营利性医疗机构
648,北京东方古本中医医院,北京市怀柔区桥梓镇东茶坞村217号,101402,110116,怀柔区,一级,未评,A.医院,A2.中医医院,A210.中医（综合）医院,股份合作,营利性医疗机构
649,北京福华医院,怀柔区兴怀大街4号,101400,110116,怀柔区,一级,合格,A.医院,A1.综合医院,A100.综合医院,私有,营利性医疗机构
650,北京怀柔医院,北京市怀柔区永泰北街9号,101400,110116,怀柔区,二级,甲等,A.医院,A1.综合医院,A100.综合医院,国有全资,非营利性医疗机构
651,北京京北健永口腔医院,北京市怀柔区迎宾北路18号,101400,110116,怀柔区,二级,合格,A.医院,A5.专科医院,A511.口腔医院,其他,营利性医疗机构
652,北京康益德中西医结合肺科医院,北京市怀柔区开放路50号,101400,110116,怀柔区,二级,甲等,A.医院,A3.中西医结合医院,A300.中西医结合医院,股份合作,非营利性医疗机构
653,北京仁和通医院,北京市怀柔区开放路金台园1号,104400,110116,怀柔区,未评,未评,A.医院,A1.综合医院,A100.综合医院,股份合作,非营利性医疗机构
654,北京世纪兴华医院,北京市怀柔区南华大街4号,101400,110116,怀柔区,未评,未评,A.医院,A1.综合医院,A100.综合医院,私有,营利性医疗机构
655,北京市怀柔安佳医院,北京市怀柔区怀柔北火车站一区23号,101408,110116,怀柔区,一级,甲等,A.医院,A5.专科医院,A520.精神病医院,国有全资,非营利性医疗机构
656,北京市怀柔区第二医院,北京市怀柔区汤河口镇汤河口村5号,101411,110116,怀柔区,二级,乙等,A.医院,A1.综合医院,A100.综合医院,国有全资,非营利性医疗机构
657,北京市怀柔区雁栖医院（北京市怀柔区雁栖镇社区卫生服务中心）,北京市怀柔区雁栖镇下庄村434号,101400,110116,怀柔区,一级,甲等,A.医院,A1.综合医院,A100.综合医院,国有全资,非营利性医疗机构
658,北京市怀柔区中医医院,怀柔区后横街1号,101400,110116,怀柔区,二级,甲等,A.医院,A2.中医医院,A210.中医（综合）医院,国有全资,非营利性医疗机构
659,北京京谷友好医院,北京市平谷区新平北路27号,101200,110117,平谷区,一级,合格,A.医院,A1.综合医院,A100.综合医院,私有,非营利性医疗机构
660,北京市慧慈医院,平谷区新开街7号,101200,110117,平谷区,一级,合格,A.医院,A1.综合医院,A100.综合医院,股份合作,营利性医疗机构
661,北京市平谷区京东口腔医院,北京市平谷区林荫南街9-45——9-51,101200,110117,平谷区,二级,合格,A.医院,A5.专科医院,A511.口腔医院,私有,非营利性医疗机构
662,北京市平谷区精神病医院,北京市平谷区韩庄镇滑子村南,101201,110117,平谷区,二级,合格,A.医院,A5.专科医院,A520.精神病医院,国有全资,非营利性医疗机构
663,北京市平谷区医院,北京市平谷区新平北路59号,101200,110117,平谷区,三级,未评,A.医院,A1.综合医院,A100.综合医院,国有全资,非营利性医疗机构
664,北京市平谷区中医医院,北京市平谷区平翔东路6号,101200,110117,平谷区,三级,甲等,A.医院,A2.中医医院,A210.中医（综合）医院,国有全资,非营利性医疗机构
665,北京市平谷岳协医院,北京市平谷区府前西街13号,101200,110117,平谷区,二级,未评,A.医院,A1.综合医院,A100.综合医院,集体全资,非营利性医疗机构
666,北京密云京儿中医医院,北京市密云县果园西路38号院9号楼,101500,110228,密云区,一级,未评,A.医院,A2.中医医院,A210.中医（综合）医院,私有,非营利性医疗机构
667,北京密云世济医院,北京密云区檀西路西侧,,110228,密云区,一级,未评,A.医院,A1.综合医院,A100.综合医院,私有,非营利性医疗机构
668,北京脑血管病医院,北京市密云县经济开发区水源路2号,101500,110228,密云区,一级,未评,A.医院,A5.专科医院,A515.心血管病医院,私有,非营利性医疗机构
669,北京清水潭中医医院,北京市密云县巨各庄镇东白岩村南500米,101500,110228,密云区,一级,未评,A.医院,A2.中医医院,A210.中医（综合）医院,股份有限（公司）,营利性医疗机构
670,北京市密云京华肿瘤医院,密云县西田各庄镇龚庄子村北,101500,110228,密云区,一级,未评,A.医院,A5.专科医院,A514.肿瘤医院,私有,非营利性医疗机构
671,北京市密云水库医院,北京市密云县溪翁庄镇还库南路25号,101512,110228,密云区,一级,甲等,A.医院,A1.综合医院,A100.综合医院,国有全资,非营利性医疗机构
672,北京市密云县博爱康医院,北京市密云县东门外环新路2号,101500,110228,密云区,一级,未评,A.医院,A1.综合医院,A100.综合医院,私有,非营利性医疗机构
673,北京市密云县博众医院,北京市密云县鼓楼东大街29号,101500,110228,密云区,一级,未评,A.医院,A1.综合医院,A100.综合医院,私有,非营利性医疗机构
674,北京市密云县健福医院,北京市密云县南大街檀州家园A1-8-13,101500,110228,密云区,一级,未评,A.医院,A1.综合医院,A100.综合医院,私有,非营利性医疗机构
675,北京市密云县兴云医院,北京市密云县兴云路36号,101500,110228,密云区,一级,未评,A.医院,A1.综合医院,A100.综合医院,股份合作,非营利性医疗机构
676,北京市密云县医院,北京市密云县阳光街383号院,101500,110228,密云区,二级,甲等,A.医院,A1.综合医院,A100.综合医院,国有全资,非营利性医疗机构
677,北京市密云县渔阳口腔医院,北京市密云县鼓楼东大街23-8、23-9、23-20、23-11、23-12号楼,101500,110228,密云区,一级,未评,A.医院,A5.专科医院,A511.口腔医院,股份合作,非营利性医疗机构
678,北京市密云县中医医院,北京市密云县新中街39号,101500,110228,密云区,二级,甲等,A.医院,A2.中医医院,A210.中医（综合）医院,国有全资,非营利性医疗机构
679,密云县太师屯镇社区卫生服务中心,密云县太师屯镇永安街76号,101504,110228,密云区,一级,合格,A.医院,A1.综合医院,A100.综合医院,国有全资,非营利性医疗机构
680,延庆县精神卫生保健院,延庆县张山营镇精神卫生保健院,102115,110229,延庆区,一级,甲等,A.医院,A5.专科医院,A520.精神病医院,国有全资,非营利性医疗机构
681,延庆县医院,延庆县东顺城街28号,102100,110229,延庆区,二级,甲等,A.医院,A1.综合医院,A100.综合医院,国有全资,非营利性医疗机构
682,延庆县中医医院,北京市延庆县新城街11号,102100,110229,延庆区,二级,合格,A.医院,A2.中医医院,A210.中医（综合）医院,国有全资,非营利性医疗机构
